596600,-1.532,-0.460,-8.923
596650,-1.723,-0.536,-9.345
596700,-0.881,-0.689,-9.766
596850,-2.374,-0.574,-10.915
596900,-1.762,-0.038,-11.030
596950,-3.179,0.268,-10.417
597000,-1.532,-0.191,-9.038
597050,1.953,-1.149,-8.464
597100,-0.038,-0.115,-8.387
597150,-0.804,-0.306,-8.081
597200,-0.651,-0.498,-7.660
597250,-0.498,-1.072,-7.506
597300,0.383,-0.843,-9.536
597350,1.647,-0.077,-9.728
597400,1.187,0.268,-12.064
597450,-1.647,2.681,-9.498
597500,-2.336,2.030,-7.813
597550,-0.919,0.077,-9.077
597600,-0.574,-0.536,-10.034
597750,-0.843,0.191,-9.421
597800,-1.072,0.306,-9.192
597850,-0.804,-0.077,-9.460
597900,-0.651,-0.038,-9.996
597950,-0.804,-0.038,-10.034
598000,-0.689,0.574,-11.796
598050,0.115,1.111,-9.345
598100,-1.379,0.460,-9.230
598150,1.800,-0.728,-6.855
598200,0.383,-1.570,-6.434
598250,-1.149,-0.881,-9.153
598300,-0.843,-1.532,-11.604
598350,0.077,-0.038,-10.570
598400,-0.191,1.685,-9.689
598450,0.728,2.413,-10.187
598600,1.647,-0.843,-10.149
598650,-0.689,-0.804,-9.766
598700,-1.340,-0.230,-9.460
598750,-1.111,1.226,-9.115
598800,-0.191,-0.651,-9.613
598850,0.153,-0.230,-9.766
598900,0.268,-0.498,-9.996
598950,-0.536,-0.268,-9.345
599000,-0.306,-1.034,-8.541
599050,-0.498,-0.728,-9.804
599100,-0.881,-0.957,-9.613
599150,-0.689,-0.383,-9.383
599200,-0.957,-0.498,-8.962
599250,-1.417,-0.498,-9.766
599300,-0.804,-0.651,-9.000
599350,-1.609,-1.149,-9.268
599400,-0.996,-0.766,-9.498
599450,-1.111,-0.345,-8.923
599600,-0.268,-1.072,-9.460
599650,-1.187,0.153,-9.575
599800,-0.804,-0.651,-9.575
599850,-0.881,-0.383,-9.613
599900,-0.728,-0.651,-9.345
599950,-0.996,-0.383,-9.421
600000,-1.264,-0.268,-9.498
600050,-0.881,-0.345,-9.460
600100,-0.957,-0.115,-9.613
600150,-0.919,-0.460,-9.498
600200,-0.881,-0.153,-9.230
600250,-0.613,-0.345,-9.498
600300,-0.957,-0.383,-9.306
600350,-1.187,-0.306,-9.192
600400,-1.187,-0.345,-9.460
600450,-0.804,-0.345,-9.460
600500,-0.957,-0.268,-9.536
600550,-0.843,-0.306,-9.345
600600,-0.651,-0.345,-9.575
600650,-0.536,-0.421,-9.345
600700,-0.651,-0.421,-9.498
600750,-0.843,-0.613,-9.268
600800,-0.574,-0.345,-9.460
600850,-0.383,0.000,-9.306
600900,-1.072,-0.498,-9.306
600950,-1.264,-0.268,-9.383
601000,-1.072,-0.191,-9.498
601050,-0.766,-0.613,-9.498
601100,-0.460,-0.268,-9.536
601150,-0.728,-0.230,-9.383
601200,-0.804,-0.421,-9.460
601350,-0.766,-0.115,-9.498
601400,-0.957,-0.383,-9.421
601450,-0.766,-0.115,-9.421
601500,-0.574,-0.345,-9.421
601550,-1.034,-0.191,-9.268
601600,-0.881,-0.230,-9.460
601650,-1.034,-0.383,-9.498
601700,-1.034,-0.613,-9.383
601750,-0.460,-0.038,-9.536
601800,-0.115,-0.345,-9.613
601850,-0.843,-0.383,-9.153
601900,-0.957,-0.268,-9.498
601950,-0.957,-0.460,-9.460
602000,-1.034,-0.421,-9.498
602050,-0.536,-0.230,-9.460
602100,-0.345,-0.230,-9.536
602150,-0.574,-0.498,-9.536
602200,-0.957,-0.268,-9.460
602250,-1.034,-0.345,-9.460
602300,-1.034,-0.345,-9.383
602350,-0.613,-0.077,-9.536
602400,-0.536,-0.306,-9.421
602450,-0.689,-0.345,-9.383
602500,-0.804,-0.268,-9.268
602550,-0.919,-0.383,-9.460
602600,-0.728,-0.230,-9.421
602650,-0.460,-0.306,-9.498
602700,-0.498,-0.345,-9.460
602750,-0.728,-0.383,-9.460
602800,-0.843,-0.383,-9.383
602850,-0.728,0.038,-9.230
602900,-0.306,-0.613,-9.460
602950,-0.766,-0.306,-9.383
603000,-0.957,-0.230,-9.421
603050,-0.804,-0.306,-9.460
603100,-0.651,-0.268,-9.383
603150,-0.498,-0.306,-9.421
603200,-0.498,-0.306,-9.460
603250,-0.536,-0.306,-9.460
603300,-0.689,-0.268,-9.383
603350,-0.766,-0.306,-9.421
603400,-0.766,-0.230,-9.460
603450,-0.651,-0.230,-9.498
603500,-0.689,-0.306,-9.421
603550,-0.843,-0.268,-9.460
603600,-0.689,-0.268,-9.421
603650,-0.689,-0.268,-9.421
603700,-0.651,-0.306,-9.498
603750,-0.651,-0.345,-9.460
603800,-0.613,-0.421,-9.421
603850,-0.613,-0.191,-9.460
603900,-0.651,-0.230,-9.460
603950,-0.843,-0.306,-9.383
604000,-0.996,-0.230,-9.421
604050,-0.804,-0.306,-9.421
604100,-0.651,-0.306,-9.460
604200,-0.498,-0.306,-9.460
604250,-0.574,-0.230,-9.460
604300,-0.919,-0.268,-9.460
604450,-0.498,-0.306,-9.460
604500,-0.421,-0.306,-9.460
604650,-0.843,-0.268,-9.421
604700,-0.919,-0.306,-9.421
604750,-0.804,-0.268,-9.421
604800,-0.536,-0.268,-9.460
604850,-0.460,-0.230,-9.460
604900,-0.421,-0.268,-9.460
604950,-0.689,-0.306,-9.345
605000,-0.957,-0.268,-9.460
605050,-0.881,-0.268,-9.421
605100,-0.689,-0.268,-9.460
605150,-0.536,-0.345,-9.460
605200,-0.498,-0.191,-9.498
605250,-0.498,-0.268,-9.460
605300,-0.689,-0.268,-9.460
605350,-0.766,-0.268,-9.460
605400,-0.804,-0.306,-9.460
605450,-0.728,-0.268,-9.421
605500,-0.651,-0.268,-9.421
605550,-0.613,-0.191,-9.460
605600,-0.651,-0.230,-9.383
605650,-0.728,-0.268,-9.498
605700,-0.766,-0.230,-9.460
605750,-0.574,-0.383,-9.460
605800,-0.574,-0.421,-9.460
605850,-0.843,-0.306,-9.498
605900,-0.651,-0.460,-9.536
605950,-0.536,-0.345,-9.536
606000,-0.766,-0.345,-9.306
606050,-0.996,-0.230,-9.421
606100,-0.766,-0.383,-9.421
606150,-0.574,-0.345,-9.460
606200,-0.728,-0.536,-9.421
606250,-0.919,-0.421,-9.383
606300,-1.072,-0.421,-9.383
606350,-0.919,-0.421,-9.383
606400,-0.919,-0.498,-9.421
606450,-0.804,-0.421,-9.460
606500,-0.881,-0.498,-9.421
606550,-0.766,-0.460,-9.498
606600,-0.996,-0.460,-9.306
606650,-0.766,-0.383,-9.498
606700,-0.843,-0.498,-9.383
606750,-0.957,-0.574,-9.421
606800,-0.957,-0.383,-9.383
606850,-0.881,-0.421,-9.421
606900,-0.766,-0.345,-9.345
606950,-0.804,-0.421,-9.460
607000,-0.881,-0.536,-9.421
607050,-0.881,-0.383,-9.460
607100,-0.843,-0.460,-9.460
607150,-0.766,-0.421,-9.383
607300,-0.804,-0.345,-9.460
607350,-0.766,-0.345,-9.536
607400,-0.766,-0.306,-9.306
607450,-0.613,-0.383,-9.498
607500,-0.728,-0.345,-9.383
607550,-0.881,-0.345,-9.421
607600,-0.919,-0.268,-9.230
607650,-0.804,-0.460,-9.498
607700,-0.651,-0.230,-9.498
607750,-0.766,-0.268,-9.421
607800,-0.919,-0.268,-9.421
607850,-0.919,-0.153,-9.460
608000,-0.613,-0.306,-9.536
608050,-0.843,-0.230,-9.421
608100,-1.034,-0.191,-9.345
608150,-0.843,-0.153,-9.421
608200,-0.689,-0.268,-9.498
608250,-0.689,-0.230,-9.460
608300,-0.843,-0.268,-9.421
608350,-0.843,-0.268,-9.460
608500,-0.843,-0.306,-9.460
608550,-0.804,-0.306,-9.383
608600,-0.574,-0.230,-9.460
608650,-0.957,-0.306,-9.345
608700,-0.881,-0.191,-9.421
608750,-0.843,-0.268,-9.421
608800,-0.613,-0.306,-9.498
608850,-0.728,-0.306,-9.460
608900,-0.804,-0.268,-9.421
608950,-0.919,-0.268,-9.383
609000,-0.766,-0.306,-9.498
609050,-0.728,-0.306,-9.421
609100,-0.804,-0.230,-9.421
609200,-0.804,-0.306,-9.460
609250,-0.689,-0.306,-9.421
609300,-0.881,-0.230,-9.383
609350,-0.728,-0.268,-9.460
609400,-0.881,-0.268,-9.345
609450,-0.919,-0.268,-9.345
609500,-0.843,-0.230,-9.421
609550,-0.689,-0.306,-9.460
609600,-0.689,-0.230,-9.421
609650,-0.804,-0.268,-9.383
609700,-0.881,-0.191,-9.383
609750,-0.804,-0.306,-9.460
609800,-0.843,-0.191,-9.498
609850,-0.843,-0.268,-9.383
609900,-0.651,-0.230,-9.498
609950,-0.766,-0.268,-9.421
610000,-0.843,-0.268,-9.421
610050,-0.881,-0.191,-9.383
610100,-0.536,-0.268,-9.498
610150,-0.728,-0.268,-9.460
610200,-0.689,-0.191,-9.575
610250,-0.843,-0.191,-9.345
610400,-0.728,-0.230,-9.383
610450,-0.728,-0.191,-9.460
610500,-0.766,-0.191,-9.460
610550,-0.804,-0.191,-9.421
610600,-0.766,-0.191,-9.460
610650,-0.728,-0.191,-9.383
610700,-0.728,-0.230,-9.460
610750,-0.766,-0.191,-9.460
610800,-0.766,-0.230,-9.460
610850,-0.766,-0.230,-9.421
610900,-0.766,-0.230,-9.421
610950,-0.766,-0.230,-9.421
611000,-0.728,-0.191,-9.460
611050,-0.804,-0.230,-9.421
611100,-0.804,-0.230,-9.460
611150,-0.766,-0.191,-9.383
611200,-0.613,-0.191,-9.498
611250,-0.804,-0.230,-9.383
611300,-0.881,-0.191,-9.421
611350,-0.843,-0.191,-9.421
611400,-0.766,-0.191,-9.536
611450,-0.689,-0.230,-9.460
611500,-0.766,-0.191,-9.421
611550,-0.804,-0.153,-9.383
611600,-0.728,-0.153,-9.460
611650,-0.728,-0.153,-9.383
611700,-0.804,-0.230,-9.421
611750,-0.766,-0.230,-9.460
611800,-0.843,-0.153,-9.460
611850,-0.728,-0.153,-9.460
611900,-0.728,-0.230,-9.421
611950,-0.766,-0.268,-9.421
612000,-0.766,-0.191,-9.421
612050,-0.881,-0.191,-9.460
612100,-0.728,-0.191,-9.460
612150,-0.728,-0.153,-9.421
612200,-0.766,-0.345,-9.421
612250,-0.766,-0.153,-9.421
612300,-0.804,-0.115,-9.498
612350,-0.728,-0.230,-9.498
612400,-0.728,-0.230,-9.383
612450,-0.919,-0.115,-9.383
612500,-0.689,-0.191,-9.498
612550,-0.651,-0.153,-9.383
612600,-0.728,-0.230,-9.421
612650,-0.881,-0.153,-9.460
612700,-0.804,-0.191,-9.460
612750,-0.728,-0.153,-9.460
612800,-0.766,-0.230,-9.383
612850,-0.766,-0.268,-9.460
612900,-0.728,-0.191,-9.460
612950,-0.804,-0.191,-9.460
613000,-0.766,-0.230,-9.460
613050,-0.766,-0.191,-9.421
613100,-0.728,-0.191,-9.421
613150,-0.766,-0.191,-9.460
613200,-0.766,-0.230,-9.460
613250,-0.804,-0.230,-9.460
613300,-0.728,-0.268,-9.460
613350,-0.766,-0.191,-9.421
613400,-0.728,-0.153,-9.383
613450,-0.804,-0.191,-9.268
613500,-0.843,-0.268,-9.843
613550,-0.651,0.000,-9.421
613600,-0.881,-0.383,-9.575
613650,-1.072,-0.421,-9.689
613700,-0.881,-0.153,-9.498
613750,-0.345,0.038,-9.536
613800,-0.613,-0.191,-9.460
613850,-0.996,-0.383,-9.651
613900,-1.034,-0.383,-9.651
613950,-0.766,-0.689,-9.766
614000,-0.498,-0.421,-9.115
614050,-0.383,-0.153,-9.345
614100,-0.230,-0.421,-9.268
614150,-0.383,-0.613,-9.651
614200,-0.574,-0.651,-9.268
614250,-0.613,-0.689,-9.421
614300,-0.345,-0.613,-9.613
614350,-0.115,-0.804,-9.268
614400,-0.460,-0.651,-9.575
614450,-0.536,-0.613,-9.230
614500,-0.115,-0.421,-9.306
614550,-0.306,-0.345,-9.536
614600,-0.651,-0.536,-9.153
614650,-0.728,-0.957,-9.498
614700,-0.345,-0.919,-9.575
614750,-0.306,-0.536,-9.345
614800,-0.536,-0.574,-9.383
614850,-0.613,-0.766,-9.345
614900,-0.613,-0.766,-9.498
614950,-0.421,-0.651,-9.536
615000,-0.345,-0.689,-9.421
615050,-0.460,-0.804,-9.268
615100,-0.651,-0.689,-9.345
615150,-0.728,-0.728,-9.460
615200,-0.766,-0.728,-9.421
615250,-0.728,-0.728,-9.498
615300,-0.689,-0.728,-9.421
615350,-0.728,-0.728,-9.383
615400,-0.689,-0.536,-9.460
615450,-0.728,-0.651,-9.345
615500,-0.804,-0.613,-9.498
615550,-0.728,-0.498,-9.345
615600,-0.804,-0.460,-9.421
615650,-1.072,-0.651,-9.306
615700,-1.111,-0.843,-9.421
615750,-0.957,-0.804,-9.536
615800,-0.881,-0.268,-9.383
615850,-0.651,-0.268,-9.575
615900,-0.766,-0.881,-9.498
615950,-0.804,-0.804,-9.268
616000,-1.034,-0.613,-9.268
616050,-1.149,-0.306,-9.421
616100,-0.881,-0.919,-9.345
616150,-0.919,-1.111,-9.383
616200,-0.919,-0.345,-9.460
616250,-0.766,-0.038,-9.345
616300,-0.574,-0.651,-9.460
616350,-0.728,-0.919,-9.345
616400,-0.843,-0.766,-9.345
616450,-0.919,-0.804,-9.460
616500,-1.187,-0.613,-9.192
616550,-0.957,-0.498,-9.498
616600,-0.881,-0.536,-9.345
616650,-0.689,-0.613,-9.383
616700,-0.766,-0.651,-9.383
616750,-0.651,-0.460,-9.306
616800,-0.153,-0.153,-10.034
616850,-1.609,-2.260,-14.132
616900,-1.226,-0.306,-8.081
616950,-0.574,-0.038,-9.077
617000,-1.034,-0.651,-9.804
617050,-0.881,-0.843,-9.498
617100,-1.034,-0.383,-9.192
617150,-0.957,-0.383,-9.460
617200,-1.264,-0.153,-9.460
617250,-0.613,-0.651,-9.536
617300,-0.766,-0.460,-9.460
617350,-0.843,-0.421,-9.460
617400,-0.881,-0.345,-9.421
617450,-0.996,-0.306,-9.383
617500,-1.034,-0.268,-9.421
617550,-1.034,-0.345,-9.345
617600,-0.881,-0.345,-9.460
617650,-1.340,-0.077,-9.268
617700,-0.728,-0.383,-9.498
617750,-0.996,-0.383,-9.421
617800,-0.996,-0.306,-9.421
617850,-0.843,-0.345,-9.536
617900,-0.843,-0.383,-9.192
617950,-0.919,-0.421,-9.383
618000,-1.149,-0.421,-9.345
618050,-1.111,-0.460,-9.421
618100,-0.957,-0.574,-9.498
618150,-0.843,-0.460,-9.421
618200,-0.957,-0.498,-9.383
618250,-1.034,-0.421,-9.421
618300,-0.881,-0.421,-9.345
618350,-0.804,-0.268,-9.460
618400,-0.919,-0.230,-9.460
618450,-1.226,-0.881,-9.421
618500,-0.957,-0.574,-9.345
618550,-1.072,-0.498,-9.268
618600,-1.149,-0.421,-9.345
618650,-1.149,-0.230,-9.345
618700,-1.072,-0.383,-9.460
618750,-0.957,-0.574,-9.498
618800,-0.881,-0.498,-9.383
618850,-0.881,-0.383,-9.421
618900,-0.996,-0.268,-9.383
618950,-1.072,-0.421,-9.345
619000,-0.957,-0.421,-9.498
619050,-0.804,-0.306,-9.421
619100,-1.111,-0.268,-9.460
619150,-0.766,-0.153,-9.383
619200,-0.268,-0.460,-9.345
619250,-0.881,-0.268,-9.345
619300,-1.034,-0.038,-9.230
619350,-0.728,-0.421,-9.421
619400,-0.766,-0.345,-9.383
619450,-0.957,-0.153,-9.345
619500,-0.766,-0.153,-9.460
619550,-0.689,-0.574,-9.421
619600,-0.881,-0.498,-9.536
619700,-0.651,0.038,-9.345
619750,-0.498,-0.306,-9.498
619800,-0.919,-0.306,-9.383
619850,-1.034,-0.230,-9.460
619900,-0.728,-0.115,-9.421
619950,-0.651,-0.115,-9.460
620000,-0.881,-0.191,-9.460
620050,-0.957,-0.306,-9.383
620100,-0.766,-0.153,-9.460
620150,-0.651,-0.230,-9.498
620200,-0.766,-0.153,-9.460
620250,-0.919,-1.072,-4.596
620300,1.609,-0.077,-12.370
620350,-1.762,-0.383,-8.502
620400,-0.345,0.038,-8.732
620450,-1.149,-0.574,-10.379
620500,-1.264,-0.421,-8.809
620550,-0.804,-0.345,-9.383
620600,-0.881,-0.306,-9.345
620650,-0.957,-0.191,-9.421
620700,-0.919,-0.306,-9.383
620750,-0.996,-0.383,-9.421
620800,-0.957,-0.306,-9.383
620850,-0.919,-0.306,-9.383
620900,-0.881,-0.268,-9.421
620950,-0.957,-0.306,-9.460
621000,-0.957,-0.306,-9.460
621050,-0.957,-0.306,-9.383
621100,-0.996,-0.345,-9.268
621150,-1.187,-0.268,-9.421
621200,-1.034,-0.306,-9.421
621250,-0.651,-0.536,-9.651
621300,-1.072,-0.230,-9.192
621350,-0.536,-0.038,-9.268
621400,-0.689,-0.498,-9.651
621450,-1.149,-0.153,-9.306
621500,-0.996,-0.153,-9.345
621550,-0.728,-0.306,-9.421
621600,-0.804,-0.383,-9.383
621650,-1.187,-0.306,-9.498
621700,-0.957,-0.421,-9.421
621750,-0.766,-0.306,-9.421
621800,-0.766,-0.038,-9.383
621850,-0.804,-0.383,-9.421
621900,-0.919,-0.383,-9.421
621950,-0.804,-0.383,-9.575
622000,-0.881,-0.268,-9.345
622050,-0.613,-0.345,-9.345
622100,-0.843,0.038,-9.345
622150,-2.298,0.230,-6.894
622200,0.153,-0.115,-7.277
622250,-1.532,-0.843,-11.413
622300,-0.613,-0.804,-9.460
622350,-0.536,0.038,-8.732
622400,-0.957,-0.306,-9.804
622450,-0.804,-0.383,-9.460
622500,-1.111,-0.115,-9.689
622550,-0.460,-0.536,-9.192
622600,-0.957,-0.498,-9.306
622650,-0.766,-0.536,-9.192
622700,-0.843,-0.536,-9.421
622750,-0.843,-0.421,-9.306
622800,-0.804,-0.498,-9.383
622850,-0.919,-0.536,-9.460
622900,-0.957,-0.421,-9.345
622950,-1.111,-0.268,-9.421
623000,-1.034,-0.460,-9.383
623050,-0.804,-0.536,-9.498
623100,-0.728,-0.460,-9.306
623150,-0.804,-0.383,-9.383
623200,-0.651,-0.689,-9.498
623250,-0.957,-0.689,-9.536
623300,-1.111,-0.460,-9.306
623350,-0.996,-0.306,-9.345
623400,-0.766,-0.230,-9.306
623450,-0.919,-0.306,-9.421
623500,-1.187,-0.536,-9.421
623550,-0.957,-0.574,-9.345
623600,-0.651,-0.460,-9.460
623650,-0.651,-0.345,-9.460
623700,-0.881,-0.421,-9.421
623750,-0.996,-0.498,-9.306
623800,-0.957,-0.498,-9.460
623850,-0.957,-0.306,-9.460
623900,-0.689,-0.345,-9.383
623950,-0.766,-0.613,-9.421
624000,-1.111,-0.536,-9.536
624050,-1.072,-0.191,-9.192
624100,-0.881,-0.345,-9.613
624150,-0.728,-0.613,-9.498
624200,-0.804,-0.651,-9.613
624250,-0.843,-0.345,-9.613
624300,-0.919,-0.460,-9.345
624350,-1.226,-0.230,-9.306
624400,-1.034,-0.230,-9.421
624450,-0.689,-0.383,-9.460
624500,-0.843,-0.460,-9.383
624550,-0.919,-0.383,-9.421
624600,-0.804,-0.460,-9.383
624650,-0.804,-0.460,-9.460
624700,-1.034,-0.268,-9.345
624750,-0.919,-0.230,-9.383
624800,-0.728,0.077,-9.651
624850,-1.226,-1.379,-11.375
624900,-0.881,-0.536,-9.115
624950,-0.613,-0.268,-9.038
625000,-0.498,-0.421,-9.536
625050,-0.957,-0.498,-9.421
625100,-0.843,-0.498,-9.383
625150,-0.766,-0.498,-9.345
625200,-0.460,-0.613,-9.460
625250,-0.613,-0.574,-9.306
625300,-0.766,-0.383,-9.153
625350,-0.843,-0.383,-9.536
625400,-0.766,-0.613,-9.536
625450,-0.536,-0.191,-9.421
625500,-0.651,-0.268,-9.613
625550,-0.728,-0.421,-9.421
625600,-0.689,-0.345,-9.460
625650,-0.689,-0.383,-9.536
625700,-0.536,-0.038,-9.575
625750,-1.111,-0.191,-8.694
625800,-0.651,-0.153,-9.613
625850,-0.919,-0.115,-9.268
625900,-0.651,-0.383,-9.345
625950,-0.536,-0.843,-9.651
626000,-0.881,-0.268,-9.383
626050,-0.919,-0.230,-9.421
626100,-0.919,-0.421,-9.230
626150,-0.689,-0.345,-9.383
626200,-0.881,-0.230,-9.460
626250,-0.766,-0.077,-9.536
626300,-0.957,-0.306,-9.460
626350,-1.034,-0.345,-9.383
626400,-0.804,-0.115,-9.383
626450,-0.804,-0.230,-9.460
626500,-0.881,-0.345,-9.460
626550,-0.957,0.038,-8.809
626600,-0.766,-0.230,-9.383
626650,-0.766,-0.230,-9.728
626700,-0.881,-0.421,-9.345
626750,-0.957,-0.306,-9.383
626800,-0.996,-0.306,-9.498
626850,-1.072,-0.268,-9.268
626900,-0.919,-0.383,-9.268
626950,-0.881,-0.268,-9.421
627000,-0.766,-0.574,-9.575
627050,-1.187,-0.115,-9.651
627100,-0.996,-0.191,-9.077
627150,-0.613,-0.306,-9.383
627200,-0.460,-0.345,-9.421
627250,-0.536,-0.306,-9.460
627300,-0.536,-0.268,-9.421
627350,-0.574,-0.306,-9.383
627400,-0.421,-0.268,-9.421
627450,-0.613,-0.077,-9.345
627500,-0.345,-0.191,-9.498
627550,-0.191,-0.268,-9.498
627600,-0.421,-0.230,-9.498
627650,-0.766,-0.191,-9.345
627700,-0.651,-0.230,-9.345
627750,-0.651,-0.191,-9.383
627800,-0.728,-0.268,-9.460
627850,-0.689,-0.191,-9.421
627900,-0.766,-0.077,-9.421
627950,-1.072,0.000,-9.345
628000,-0.574,-0.498,-9.575
628050,-0.728,0.268,-9.306
628100,-0.728,0.191,-9.728
628150,-0.728,-0.689,-8.962
628200,-1.149,0.268,-9.421
628250,-0.651,-0.230,-9.919
628300,-0.728,-0.191,-9.651
628350,-0.536,-0.651,-9.077
628400,-0.843,-1.302,-9.498
628450,-0.613,-0.306,-9.536
628500,-0.536,-0.383,-9.651
628550,-0.115,-0.230,-9.306
628600,0.000,0.115,-9.536
628650,0.766,0.804,-9.421
628700,1.034,0.728,-9.268
628750,0.498,0.498,-9.230
628800,0.230,0.574,-9.268
628850,0.268,0.000,-9.268
628900,0.000,0.115,-10.111
628950,0.383,0.574,-9.306
629000,-0.115,-0.191,-9.460
629050,-0.077,-0.460,-9.345
629100,0.077,-0.919,-9.766
629150,0.383,-0.957,-9.460
629200,-0.306,-0.268,-9.498
629250,-0.115,-0.153,-9.613
629300,0.345,-0.153,-9.345
629350,0.574,0.306,-9.306
629400,0.306,0.153,-9.843
629450,-0.115,0.996,-8.694
629500,-0.306,0.574,-9.230
629550,-0.153,0.460,-9.345
629600,-0.804,2.451,-9.421
629650,-1.302,2.489,-9.536
629700,-1.034,1.877,-9.536
629750,-0.843,1.953,-8.847
629800,-0.728,2.260,-8.847
629850,-0.689,3.332,-7.468
629900,-1.111,2.681,-8.655
629950,-1.379,2.374,-9.192
630000,-0.728,2.374,-9.192
630050,-0.804,2.298,-8.962
630100,-1.149,2.374,-9.230
630150,-1.111,2.489,-8.464
630200,-1.800,2.834,-9.115
630250,-0.881,2.336,-8.387
630300,-0.498,1.302,-8.426
630350,-0.919,1.532,-8.962
630400,-0.766,0.957,-8.426
630450,-0.996,1.149,-9.881
630500,0.574,0.115,-9.000
630550,-0.536,0.574,-10.034
630600,-0.268,0.574,-9.383
630650,0.536,-0.345,-9.843
630700,-0.038,-0.804,-10.226
630750,-0.766,0.038,-9.306
630800,0.460,0.038,-9.460
630850,-1.762,2.068,-10.302
630900,-0.230,-0.038,-11.681
630950,1.915,-2.336,-9.383
631000,1.302,-2.872,-9.000
631050,0.843,-2.719,-8.119
631100,0.460,-2.413,-7.966
631150,1.264,-2.106,-7.928
631300,0.728,-3.026,-8.004
631350,0.689,-1.915,-8.119
631400,0.613,-1.723,-8.043
631450,0.498,-1.647,-8.923
631500,0.421,-1.226,-9.345
631550,0.536,-0.957,-12.332
631600,0.306,-1.264,-11.068
631650,-0.230,0.574,-9.115
631700,-0.689,0.996,-9.153
631750,-0.153,0.306,-9.766
631800,0.000,0.077,-10.226
631850,0.191,0.268,-9.958
631900,0.230,0.115,-10.072
631950,-0.268,0.268,-9.536
632000,-0.460,-0.077,-9.383
632050,0.728,0.804,-9.153
632100,1.149,2.106,-7.813
632150,2.336,2.030,-8.464
632200,1.570,-1.800,-12.102
632250,-1.609,0.613,-8.962
632300,-1.264,0.613,-10.417
632350,0.230,-0.191,-9.881
632400,1.149,0.191,-8.732
632450,1.226,-0.268,-9.996
632500,1.800,-0.077,-9.536
632550,0.881,0.804,-9.038
632600,-0.077,2.183,-8.579
632650,-0.498,1.455,-9.153
632700,-0.383,1.685,-8.885
632750,-0.153,1.877,-10.072
632800,-0.498,1.417,-9.766
632850,-1.379,1.953,-8.809
632900,-0.957,3.447,-9.153
632950,-1.072,1.034,-9.115
633000,-0.996,2.872,-8.770
633050,-1.034,2.872,-9.077
633100,-0.804,3.255,-9.192
633150,-0.689,3.792,-8.694
633200,-0.996,4.519,-8.579
633250,-0.268,3.753,-7.966
633300,-1.034,3.906,-9.000
633350,0.077,0.191,-7.162
633400,-0.919,4.519,-9.153
633450,-0.613,3.485,-7.238
633500,-0.613,5.553,-7.468
633550,-0.345,5.515,-7.583
633600,-0.153,5.400,-7.392
633650,-0.268,5.323,-8.158
633700,-0.268,5.094,-7.621
633750,-0.689,4.481,-8.043
633800,-0.728,3.562,-8.464
633850,-1.723,3.447,-9.613
633900,-0.881,2.949,-9.498
633950,-1.647,3.064,-8.962
634000,-0.919,2.298,-9.460
634050,-1.953,2.298,-9.153
634100,-1.340,2.068,-9.000
634150,-1.992,2.145,-8.923
634200,-1.915,2.528,-9.230
634250,-1.187,2.643,-8.694
634300,-1.417,2.413,-9.000
634350,-1.532,2.374,-9.192
634400,-1.723,2.260,-9.153
634450,-1.379,2.260,-8.962
634500,-1.379,2.489,-8.694
634550,-1.838,2.336,-9.498
634600,-1.570,2.183,-9.038
634650,-1.455,2.068,-9.268
634700,-1.685,2.374,-9.268
634750,-1.723,2.489,-8.885
634800,-1.838,2.298,-8.962
634850,-1.877,2.298,-8.847
634900,-1.302,2.451,-9.077
634950,-1.111,2.489,-8.847
635000,-1.264,2.451,-8.426
635050,-2.030,2.106,-8.962
635100,-0.881,1.953,-9.230
635150,-1.762,2.183,-9.919
635200,-1.800,2.145,-9.077
635250,-1.570,2.030,-9.268
635300,-1.570,2.106,-9.000
635350,-1.838,2.106,-9.460
635400,-1.417,2.183,-9.192
635450,-1.570,1.992,-9.306
635500,-1.532,2.221,-9.268
635550,-1.264,2.221,-9.306
635600,-1.417,2.145,-9.077
635650,-1.494,2.068,-9.230
635700,-1.379,2.221,-9.153
635750,-1.455,2.260,-9.038
635800,-1.494,2.183,-9.077
635850,-1.609,2.183,-9.153
635900,-1.379,2.068,-9.115
635950,-1.532,2.106,-9.230
636000,-1.417,2.145,-9.192
636050,-1.379,2.145,-9.077
636100,-1.379,2.221,-9.153
636150,-1.379,2.068,-9.153
636200,-1.417,2.106,-9.192
636250,-1.417,2.145,-9.153
636300,-1.417,2.221,-9.115
636350,-1.302,2.336,-9.077
636400,-1.494,2.106,-9.038
636450,-2.030,2.030,-8.732
636500,-1.379,1.877,-9.958
636550,-1.455,2.030,-10.149
636600,-1.455,2.298,-7.851
636650,-1.226,2.489,-8.809
636700,-1.111,2.145,-8.923
636750,-1.149,2.183,-9.153
636800,-1.609,2.260,-9.268
636850,-1.417,2.221,-9.306
636900,-1.264,2.106,-9.306
637050,-1.685,2.719,-8.541
637100,-1.379,2.106,-8.962
637150,-1.609,1.762,-9.115
637200,-1.379,1.340,-9.192
637350,-1.838,2.451,-8.081
637400,-1.762,1.647,-8.272
637450,-1.570,1.992,-9.498
637500,-1.149,1.992,-8.923
637550,-1.111,1.877,-8.502
637600,-1.379,1.838,-9.268
637650,-1.992,1.532,-9.383
637700,-2.106,2.145,-10.302
637750,-0.996,2.566,-9.345
637800,-0.996,1.685,-9.651
637850,-0.345,1.685,-9.077
637900,0.191,1.838,-9.728
637950,-0.306,1.838,-9.077
638000,-1.340,1.226,-9.766
638050,-0.766,2.106,-9.728
638100,0.613,1.877,-8.809
638150,-0.613,2.145,-8.809
638200,-0.536,2.489,-8.847
638250,-0.804,1.838,-9.728
638300,-0.766,2.221,-9.153
638350,-1.226,3.255,-9.077
638400,-0.843,1.494,-9.192
638450,0.957,1.494,-8.732
638500,-0.345,2.068,-8.770
638550,-0.268,1.838,-9.077
638600,-0.574,1.723,-9.421
638650,-0.230,1.034,-10.609
638700,-0.115,1.953,-9.230
638750,0.383,2.260,-8.885
638800,-0.498,2.413,-9.192
638850,-0.689,2.413,-9.115
638900,-0.766,2.374,-9.038
638950,-0.766,2.374,-9.230
639000,-0.766,2.336,-9.115
639050,-0.766,2.260,-9.192
639100,-0.689,2.336,-9.115
639150,-0.613,2.374,-9.115
639200,-0.728,2.260,-9.115
639250,-1.072,2.413,-9.192
639300,-0.843,2.260,-9.153
639350,-0.804,2.298,-9.115
639400,-0.689,2.528,-9.230
639450,-0.843,2.451,-9.038
639500,-0.957,2.336,-9.115
639550,-0.728,2.298,-8.923
639600,-0.843,2.298,-9.345
639650,-0.689,2.260,-9.038
639700,-0.536,2.183,-9.498
639750,-1.187,2.489,-9.192
639800,-1.034,2.336,-9.038
639850,-0.996,2.336,-9.230
639900,-0.728,2.260,-9.306
639950,-0.996,2.183,-9.192
640000,-0.804,2.298,-9.153
640050,-0.689,2.374,-9.153
640100,-0.843,2.298,-9.192
640150,-0.996,2.298,-9.038
640200,-0.881,2.260,-9.153
640250,-0.881,2.260,-9.230
640300,-0.804,2.183,-9.230
640350,-0.881,2.260,-9.230
640400,-0.843,2.260,-9.230
640450,-0.919,2.260,-9.153
640500,-0.919,2.298,-9.192
640550,-0.804,2.221,-9.115
640600,-0.766,2.260,-9.192
640650,-0.843,2.221,-9.153
640700,-0.804,2.260,-9.115
640750,-0.804,2.260,-9.153
640800,-0.804,2.260,-9.192
640950,-0.881,2.260,-9.230
641000,-0.843,2.260,-9.115
641150,-0.843,2.298,-9.230
641200,-0.804,2.260,-9.153
641250,-0.843,2.221,-9.153
641300,-0.766,2.260,-9.230
641350,-0.881,2.413,-9.000
641400,-0.881,2.260,-9.153
641450,-0.881,2.221,-9.192
641500,-0.881,2.298,-9.153
641550,-0.843,2.260,-9.153
641600,-0.804,2.221,-9.268
641650,-0.766,2.221,-9.077
641700,-0.919,2.145,-9.230
641750,-0.957,2.260,-9.192
641800,-0.996,2.336,-9.230
641850,-0.881,2.336,-9.115
641900,-0.804,2.183,-9.153
641950,-0.881,2.183,-9.192
642000,-0.843,2.183,-9.153
642050,-0.919,2.260,-9.268
642100,-0.881,2.298,-9.230
642150,-0.843,2.221,-9.115
642200,-0.843,2.221,-9.153
642250,-0.957,2.298,-9.153
642300,-0.881,2.260,-9.153
642350,-0.881,2.221,-9.230
642400,-0.881,2.221,-9.077
642550,-0.881,2.221,-9.230
642600,-0.919,2.260,-9.153
642650,-0.957,2.260,-9.115
642700,-0.919,2.336,-9.115
642750,-0.881,2.221,-9.115
642800,-0.843,2.106,-9.421
642850,-0.766,2.298,-9.153
642900,-0.728,2.145,-9.077
642950,-0.996,2.260,-9.230
643000,-0.996,2.336,-9.153
643050,-0.957,2.336,-9.268
643100,-0.804,2.298,-9.153
643150,-0.804,2.183,-9.153
643200,-0.881,2.221,-9.192
643250,-0.881,2.260,-9.192
643300,-0.881,2.221,-9.192
643350,-0.843,2.183,-9.192
643400,-0.843,2.221,-9.192
643450,-0.843,2.260,-9.192
643500,-0.919,2.221,-9.192
643550,-0.881,2.183,-9.153
643600,-0.881,2.260,-9.153
643650,-0.843,2.221,-9.192
643700,-0.881,2.221,-9.230
643750,-0.881,2.221,-9.153
643800,-0.881,2.260,-9.230
643850,-0.843,2.221,-9.192
643900,-0.881,2.221,-9.230
643950,-0.881,2.260,-9.153
644000,-0.957,2.183,-9.230
644050,-0.881,2.221,-9.115
644100,-0.881,2.260,-9.192
644150,-0.881,2.221,-9.153
644200,-0.843,2.183,-9.230
644250,-0.843,2.221,-9.115
644300,-0.843,2.221,-9.153
644350,-0.881,2.221,-9.153
644400,-0.881,2.260,-9.192
644450,-0.881,2.260,-9.192
644500,-0.881,2.221,-9.153
644550,-0.843,2.260,-9.192
644600,-0.881,2.221,-9.077
644650,-0.919,2.145,-9.230
644700,-0.881,2.221,-9.230
644750,-0.843,2.221,-9.038
644800,-0.804,2.183,-9.306
644850,-0.881,2.260,-9.153
644900,-0.919,2.260,-9.192
644950,-0.881,2.221,-9.115
645000,-0.957,2.183,-9.345
645050,-0.843,2.260,-9.077
645100,-0.843,2.145,-9.153
645150,-0.919,2.183,-9.115
645200,-0.919,2.260,-9.230
645250,-0.843,2.298,-9.153
645300,-0.804,2.260,-9.153
645350,-0.766,2.106,-9.268
645400,-0.919,2.183,-9.115
645450,-0.919,2.221,-9.345
645500,-0.957,2.221,-9.383
645550,-0.766,2.145,-9.000
645600,-0.843,2.413,-8.885
645650,-0.957,2.336,-9.153
645700,-1.072,2.413,-9.000
645750,-0.881,2.374,-9.421
645800,-0.881,2.260,-9.192
645850,-0.766,2.183,-9.000
645900,-0.881,2.145,-9.345
645950,-0.881,2.336,-9.038
646000,-0.919,2.298,-9.230
646150,-0.766,2.260,-9.192
646200,-1.034,2.336,-9.000
646250,-0.996,2.413,-9.153
646300,-0.651,2.336,-8.847
646450,-0.804,2.260,-9.115
646500,-0.996,2.298,-9.230
646550,-0.881,2.221,-9.038
646600,-0.919,2.221,-9.153
646650,-0.919,2.298,-9.115
646700,-0.957,2.374,-9.345
646750,-0.957,2.260,-9.230
646800,-0.957,2.260,-9.153
646850,-0.919,2.260,-9.038
646900,-0.919,2.298,-9.153
646950,-1.034,2.413,-8.923
647000,-0.996,2.374,-9.153
647050,-0.919,2.336,-9.192
647100,-0.996,2.298,-9.153
647150,-0.919,2.106,-9.230
647200,-0.881,2.221,-9.345
647250,-0.766,2.489,-9.192
647300,-0.881,2.336,-9.115
647350,-0.804,2.260,-9.077
647400,-0.881,2.221,-9.153
647450,-0.957,2.183,-9.153
647500,-0.996,2.260,-9.345
647550,-1.072,2.145,-9.192
647600,-0.881,2.260,-9.230
647650,-0.957,2.298,-9.038
647700,-1.034,2.183,-9.000
647750,-1.111,2.451,-8.885
647800,-0.996,2.451,-9.077
647850,-0.881,2.145,-9.268
647900,-1.034,2.145,-9.115
647950,-0.957,2.298,-9.153
648000,-0.919,2.260,-9.192
648050,-0.881,2.260,-9.153
648100,-0.881,2.336,-9.192
648150,-0.996,2.260,-9.115
648200,-0.996,2.221,-9.077
648250,-0.996,2.260,-9.268
648300,-0.996,2.260,-9.077
648350,-0.957,2.336,-9.192
648400,-0.957,2.374,-9.153
648450,-0.996,2.298,-9.038
648500,-0.881,2.336,-9.345
648550,-0.919,2.336,-9.192
648600,-1.226,2.374,-9.000
648650,-0.881,2.298,-9.153
648700,-0.919,2.336,-9.153
648750,-0.881,2.374,-9.230
648800,-0.919,2.336,-9.192
648850,-0.919,2.374,-9.383
648900,-0.957,2.374,-9.153
648950,-0.919,2.298,-9.153
649000,-0.881,2.298,-9.115
649050,-0.881,2.374,-9.153
649100,-0.881,2.374,-9.153
649150,-0.957,2.336,-9.115
649200,-0.919,2.336,-9.115
649250,-0.919,2.374,-9.153
649300,-0.881,2.336,-9.153
649350,-0.957,2.298,-9.115
649400,-0.919,2.374,-9.115
649450,-0.881,2.374,-9.153
649500,-0.919,2.336,-9.077
649550,-0.919,2.298,-9.192
649600,-0.919,2.374,-9.153
649650,-0.957,2.336,-9.153
649700,-0.996,2.298,-9.115
649750,-0.919,2.336,-9.115
649800,-0.843,2.374,-9.115
649850,-0.843,2.413,-9.115
649900,-0.919,2.374,-9.115
649950,-0.957,2.374,-9.153
650000,-0.957,2.336,-9.115
650050,-0.957,2.374,-9.153
650100,-0.919,2.374,-9.153
650150,-0.919,2.374,-9.153
650200,-0.919,2.374,-9.153
650250,-0.881,2.336,-9.153
650300,-0.919,2.298,-9.115
650350,-0.919,2.413,-9.153
650400,-0.919,2.374,-9.115
650450,-0.919,2.374,-9.115
650500,-0.957,2.336,-9.115
650550,-0.881,2.336,-9.115
650600,-0.843,2.374,-9.115
650650,-0.881,2.413,-9.153
650700,-0.919,2.298,-9.153
650750,-0.996,2.413,-9.115
650800,-0.957,2.413,-9.115
650850,-0.881,2.336,-9.192
650900,-0.919,2.413,-9.230
650950,-0.996,2.260,-9.268
651000,-1.072,2.413,-9.000
651050,-0.996,2.566,-9.000
651100,-0.536,2.413,-9.230
651150,-0.881,2.566,-8.847
651200,-1.149,2.566,-9.077
651250,-0.919,2.374,-9.306
651300,-0.996,2.489,-9.038
651350,-0.881,2.604,-9.000
651400,-0.919,2.489,-9.077
651450,-0.843,2.374,-9.268
651500,-0.957,2.451,-9.038
651550,-0.766,2.451,-9.192
651600,-0.919,2.413,-9.077
651650,-0.957,2.489,-9.153
651700,-0.957,2.451,-9.115
651750,-0.919,2.528,-9.153
651800,-0.919,2.489,-9.077
651850,-0.957,2.451,-9.077
651900,-0.957,2.451,-9.115
651950,-0.957,2.489,-9.115
652000,-0.957,2.451,-9.115
652050,-0.881,2.489,-9.077
652100,-0.881,2.489,-9.038
652150,-0.957,2.489,-9.077
652200,-0.881,2.413,-9.115
652250,-0.919,2.489,-9.115
652300,-0.957,2.528,-9.115
652350,-0.919,2.451,-9.115
652400,-0.957,2.489,-9.153
652450,-0.919,2.489,-9.115
652500,-0.919,2.528,-9.115
652550,-0.957,2.451,-9.115
652600,-0.957,2.451,-9.115
652650,-0.957,2.489,-9.077
652700,-0.919,2.451,-9.115
652750,-0.919,2.489,-9.077
652800,-0.957,2.489,-9.077
652850,-0.919,2.489,-9.077
652900,-0.919,2.451,-9.000
652950,-0.957,2.489,-9.115
653000,-0.919,2.451,-9.192
653050,-0.843,2.489,-9.115
653100,-0.996,2.566,-8.962
653150,-1.034,2.566,-9.000
653200,-0.957,2.413,-9.230
653250,-0.881,2.374,-9.230
653300,-0.843,2.528,-9.077
653350,-1.034,2.604,-8.923
653400,-0.957,2.413,-9.153
653450,-0.919,2.374,-9.192
653500,-0.919,2.489,-9.153
653550,-0.996,2.528,-9.077
653600,-0.957,2.489,-9.077
653650,-0.919,2.451,-9.077
653700,-0.881,2.489,-9.115
653750,-0.919,2.489,-9.115
653800,-0.996,2.489,-9.077
653850,-0.996,2.413,-9.115
653900,-0.957,2.489,-9.115
653950,-0.919,2.489,-9.115
654000,-0.881,2.451,-9.115
654050,-0.919,2.566,-9.077
654100,-0.996,2.413,-9.153
654150,-0.996,2.374,-9.153
654200,-0.881,2.413,-9.077
654250,-0.881,2.566,-8.962
654300,-0.919,2.528,-9.115
654350,-0.957,2.451,-9.115
654400,-0.996,2.413,-9.115
654550,-0.919,2.451,-9.153
654600,-0.919,2.451,-9.115
654650,-0.919,2.489,-9.115
654700,-0.919,2.489,-9.115
654750,-0.919,2.528,-9.115
654800,-0.996,2.489,-9.153
654850,-0.996,2.489,-9.115
654900,-0.957,2.489,-9.077
654950,-0.919,2.489,-9.115
655000,-0.843,2.413,-9.115
655050,-0.881,2.489,-9.115
655100,-0.957,2.528,-9.115
655150,-0.957,2.451,-9.115
655200,-0.996,2.413,-9.115
655250,-0.957,2.489,-9.077
655300,-1.034,2.489,-9.077
655350,-0.919,2.451,-9.115
655400,-0.919,2.451,-9.115
655450,-0.881,2.566,-9.077
655500,-0.804,2.413,-9.115
655550,-0.919,2.413,-9.192
655600,-0.881,2.374,-9.230
655650,-0.919,2.336,-9.153
655700,-0.996,2.413,-9.115
655750,-0.919,2.413,-9.115
655800,-0.996,2.451,-9.077
655850,-0.919,2.489,-9.153
655900,-0.919,2.451,-9.153
655950,-0.957,2.451,-9.115
656000,-0.881,2.451,-9.192
656100,-1.111,2.298,-10.072
656150,-0.919,2.528,-8.809
656200,-0.957,2.719,-10.111
656250,-1.264,2.336,-7.928
656300,-0.728,2.260,-9.115
656350,-0.881,2.681,-8.962
656400,-0.766,2.834,-8.732
656450,-0.881,3.677,-8.732
656500,-0.804,3.523,-8.809
656550,-0.728,3.485,-9.153
656600,-0.038,3.868,-8.349
656650,0.038,3.677,-7.545
656700,0.038,3.294,-8.502
656750,-0.077,4.634,-7.813
656800,-0.460,4.672,-7.889
656850,-0.230,4.711,-8.311
656900,-0.383,3.830,-8.234
657000,-0.766,3.370,-9.689
657050,-1.264,2.643,-9.421
657100,-0.881,1.379,-9.306
657150,-0.230,1.455,-9.268
657200,0.191,1.111,-9.919
657250,1.111,-0.268,-9.919
657300,0.460,0.345,-9.498
657350,0.383,0.038,-8.923
657400,1.647,-1.302,-9.192
657450,1.302,0.843,-8.081
657500,-0.651,-0.996,-11.643
657650,-1.264,-1.609,-9.958
657800,-1.609,-0.460,-9.536
657850,-1.609,-0.498,-9.000
657900,-0.881,-0.383,-9.613
657950,-0.651,-0.651,-9.613
658000,-0.383,-0.498,-9.958
658050,-0.766,-0.345,-9.153
658100,-0.843,-0.268,-9.613
658150,-1.149,-0.306,-9.306
658200,-0.574,-0.766,-9.421
658250,-0.306,-0.804,-9.345
658300,-0.345,-0.421,-9.421
658350,-0.038,-0.689,-9.230
658400,-0.230,-0.574,-9.345
658450,-0.383,-0.651,-9.421
658500,-0.383,-0.728,-9.843
658550,-0.766,-0.421,-9.077
658600,-0.804,-0.574,-9.498
658650,-0.345,-1.226,-9.536
658800,-0.574,-0.728,-9.536
658850,-0.613,-0.574,-9.421
658900,-0.574,-0.651,-9.498
658950,-0.536,-0.689,-9.383
659000,-0.498,-0.536,-9.153
659050,-0.651,-0.881,-9.268
659100,-0.689,-0.728,-9.843
659250,-0.766,-0.919,-9.536
659300,-0.383,-0.881,-9.421
659350,-0.574,-0.766,-9.383
659400,-1.034,-0.651,-9.536
659450,-0.919,-0.574,-9.460
659500,-0.574,-0.804,-9.460
659550,-0.268,-0.843,-9.230
659600,-0.728,-0.843,-9.536
659650,-0.728,-0.881,-9.383
659700,-0.613,-0.804,-9.192
659750,-0.613,-0.766,-9.421
659800,-0.383,-0.651,-9.460
659850,-0.498,-0.766,-9.460
659900,-0.536,-0.728,-9.536
659950,-0.574,-0.804,-9.345
660000,-0.689,-0.728,-9.383
660050,-0.613,-0.728,-9.536
660100,-0.728,-0.766,-9.498
660150,-0.728,-0.689,-9.498
660200,-0.613,-0.843,-9.383
660250,-0.574,-0.957,-9.345
660300,-0.574,-0.881,-9.306
660350,-0.651,-0.804,-9.345
660400,-0.536,-0.766,-9.689
660450,-0.728,-0.613,-9.345
660500,-0.766,-0.498,-9.383
660550,-0.728,-0.651,-9.460
660600,-0.728,-0.689,-9.345
660650,-0.613,-0.957,-9.383
660700,-0.613,-0.766,-9.421
660750,-0.689,-0.651,-9.536
660800,-0.919,-0.651,-9.498
660850,-0.843,-0.460,-9.345
660900,-0.728,-0.613,-9.345
660950,-0.651,-0.689,-9.460
661000,-0.574,-0.804,-9.345
661050,-0.728,-0.728,-9.460
661100,-0.613,-0.536,-9.383
661150,-0.919,-0.460,-9.345
661200,-0.460,-1.072,-9.230
661250,-0.689,-0.306,-9.689
661300,-0.804,-0.345,-9.383
661350,-0.191,-0.498,-9.575
661400,-0.536,-0.306,-9.460
661450,-0.077,-0.153,-9.498
661500,-0.191,-0.421,-9.460
661550,-0.345,-0.383,-9.575
661600,-0.728,-0.306,-9.536
661650,-0.306,-0.345,-9.306
661700,-0.574,-0.460,-9.575
661750,-0.574,-0.421,-9.038
661800,-0.843,-0.268,-9.268
661850,-1.034,-0.536,-9.575
661900,-1.302,-0.460,-9.345
661950,-1.417,-0.383,-9.575
662000,-1.417,-0.268,-9.383
662050,-1.455,-0.574,-9.192
662100,-1.111,-0.804,-9.192
662150,-1.149,-0.383,-9.153
662200,-0.996,-0.421,-9.575
662250,-0.881,-0.651,-9.728
662300,-0.957,-0.613,-9.345
662350,-0.804,-0.689,-9.651
662400,-1.264,-0.498,-9.306
662450,-1.570,-0.536,-9.421
662500,-1.417,-0.574,-9.268
662550,-1.226,-0.804,-9.383
662600,-0.728,-0.881,-9.613
662650,-0.996,-0.383,-9.421
662700,-1.187,-0.230,-9.230
662750,-0.460,-0.843,-9.651
662800,-1.455,0.191,-9.077
662850,-1.570,-0.536,-9.460
662900,-0.957,-0.728,-9.192
662950,-0.345,-1.111,-9.651
663000,-1.072,-0.268,-9.230
663050,-1.187,-0.230,-9.306
663100,-0.843,-0.306,-9.575
663150,-0.881,-0.421,-9.460
663200,-1.072,-0.536,-9.460
663250,-0.919,-0.460,-9.421
663300,-0.996,-0.306,-9.306
663350,-1.072,-0.306,-9.306
663400,-0.996,-0.460,-9.345
663450,-0.843,-0.460,-9.460
663500,-0.843,-0.383,-9.383
663550,-0.957,-0.383,-9.383
663600,-0.996,-0.421,-9.383
663650,-1.034,-0.421,-9.421
663700,-1.034,-0.421,-9.383
663750,-0.881,-0.345,-9.421
663800,-0.804,-0.383,-9.460
663950,-0.919,-0.460,-9.421
664000,-0.996,-0.383,-9.383
664050,-1.034,-0.345,-9.345
664100,-0.881,-0.383,-9.460
664150,-0.881,-0.421,-9.460
664200,-1.072,-0.345,-9.498
664250,-0.804,-0.230,-9.498
664300,-1.149,-0.230,-9.077
664350,-1.034,-0.421,-9.192
664400,-1.532,-0.766,-9.230
664450,-1.723,-0.804,-9.115
664500,-1.379,0.000,-9.536
664550,-0.843,-0.115,-9.536
664600,-0.651,-0.383,-9.268
664650,-1.111,-0.460,-9.460
664700,-1.149,-0.574,-9.383
664750,-1.226,-0.421,-9.383
664800,-1.034,-0.191,-9.421
664850,-0.804,-0.268,-9.421
664900,-0.766,-0.306,-9.383
664950,-0.728,-0.383,-9.460
665000,-0.919,-0.268,-9.575
665050,-1.034,-0.268,-9.306
665100,-1.111,-0.306,-9.460
665150,-0.919,-0.153,-9.421
665200,-0.843,-0.191,-9.345
665250,-0.498,-0.345,-9.421
665300,-0.689,-0.306,-9.421
665350,-0.996,-0.038,-9.421
665400,-0.919,-0.306,-9.383
665450,-0.881,-0.383,-9.421
665500,-0.804,-0.460,-9.460
665550,-0.766,-0.383,-9.421
665600,-0.957,-0.153,-9.460
665650,-0.881,-0.077,-9.421
665700,-0.881,-0.153,-9.421
665750,-0.804,-0.345,-9.460
665800,-0.881,-0.498,-9.460
665850,-0.996,-0.345,-9.421
665900,-1.226,-0.115,-9.345
665950,-0.957,-0.230,-9.421
666000,-0.957,-0.191,-9.383
666050,-0.843,-0.306,-9.421
666100,-0.843,-0.383,-9.383
666150,-0.996,-0.268,-9.383
666200,-0.996,-0.345,-9.345
666250,-0.919,-0.306,-9.460
666300,-0.843,-0.383,-9.498
666350,-0.996,-0.345,-9.421
666400,-0.919,-0.230,-9.421
666450,-0.843,-0.345,-9.460
666500,-0.728,-0.498,-9.421
666550,-0.919,-0.230,-9.460
666600,-1.264,-0.268,-9.306
666650,-0.613,-0.460,-9.536
666700,-0.536,-0.460,-9.460
666750,-1.034,-0.306,-9.345
666800,-1.072,-0.306,-9.460
666850,-0.919,-0.345,-9.421
666900,-0.804,-0.306,-9.421
666950,-0.843,-0.306,-9.460
667000,-0.919,-0.306,-9.383
667050,-0.804,-0.345,-9.421
667100,-0.881,-0.345,-9.421
667150,-0.957,-0.345,-9.421
667200,-0.804,-0.306,-9.460
667250,-0.843,-0.306,-9.421
667300,-0.843,-0.345,-9.421
667350,-0.804,-0.306,-9.460
667400,-0.957,-0.460,-9.498
667450,-0.689,-0.268,-9.460
667500,-0.728,-0.230,-9.383
667550,-1.111,-0.383,-9.268
667600,-1.034,-0.345,-9.268
667650,-0.766,-0.230,-9.383
667700,-0.651,-0.153,-9.421
667750,-0.843,-0.115,-9.306
667800,-0.843,-0.421,-9.460
667850,-0.804,-0.460,-9.421
667900,-0.651,-0.306,-9.498
667950,0.306,-0.651,-9.881
668000,-1.072,0.383,-9.460
668050,-1.877,0.077,-8.962
668100,-1.034,-0.421,-9.536
668150,-0.191,-0.536,-9.728
668200,0.115,-0.115,-9.498
668250,-0.421,0.000,-9.421
668300,-0.804,-0.268,-9.345
668350,-0.919,-0.268,-9.421
668400,-0.766,-0.230,-9.345
668450,-0.651,-0.153,-9.460
668500,-0.766,-0.191,-9.421
668550,-0.766,-0.153,-9.383
668600,-0.460,-0.153,-9.575
668650,-0.421,-0.421,-9.575
668700,-0.689,-0.498,-9.460
668750,-0.728,-0.421,-9.460
668800,-0.843,-0.077,-9.421
668850,-0.728,-0.077,-9.421
668900,-0.651,0.000,-9.575
668950,-0.574,-0.230,-9.536
669000,-0.613,-0.191,-9.306
669050,-0.728,-0.230,-9.383
669100,-0.689,-0.191,-9.345
669150,-0.651,-0.306,-9.460
669200,-0.651,-0.115,-9.460
669250,-0.804,-0.153,-9.460
669300,-0.766,-0.191,-9.460
669350,-0.728,-0.345,-9.345
669400,-0.766,-0.383,-9.460
669450,-0.919,-0.306,-9.460
669500,-0.996,-0.230,-9.421
669550,-0.689,-0.230,-9.460
669600,-0.421,-0.345,-9.498
669650,-0.689,-0.421,-9.460
669700,-1.072,-0.306,-9.345
669750,-1.034,-0.306,-9.345
669800,-0.843,-0.230,-9.460
669850,-0.689,-0.153,-9.536
669900,-0.843,-0.268,-9.421
669950,-0.919,-0.230,-9.460
670000,-0.651,-0.191,-9.460
670050,-0.498,-0.191,-9.460
670100,-0.574,-0.460,-9.383
670150,0.077,0.345,-7.468
670200,-1.187,-0.460,-10.417
670250,-0.804,-0.306,-9.306
670300,-0.651,-0.077,-9.038
670350,-0.689,-0.613,-9.613
670400,-1.149,-0.153,-9.192
670450,-1.226,-0.230,-9.421
670500,-0.919,-0.268,-9.268
670550,-0.843,-0.230,-9.345
670600,-0.766,-0.230,-9.498
670650,-0.766,-0.421,-9.421
670700,-0.651,-0.574,-9.575
670750,-0.919,-0.383,-9.421
670800,-1.264,-0.153,-9.383
670850,-1.149,-0.268,-9.421
670900,-0.728,-0.383,-9.498
670950,-0.651,-0.268,-9.766
671000,-1.149,0.077,-9.536
671050,-1.226,-0.421,-9.038
671100,-0.919,-0.498,-10.455
671150,-0.689,-0.498,-8.464
671200,-1.111,-0.077,-9.498
671250,-1.187,-0.460,-9.306
671300,-1.800,-0.383,-9.345
671350,-1.302,-0.421,-9.383
671400,-1.264,-0.421,-9.383
671450,-1.494,-0.230,-9.575
671500,-1.072,-0.498,-9.345
671550,-1.417,-0.306,-8.885
671600,-1.532,-0.191,-9.498
671650,-0.996,-0.345,-9.498
671700,-1.034,-0.115,-9.536
671750,-1.494,-0.996,-9.192
671800,-1.379,-0.421,-9.268
671850,-1.340,-0.421,-9.498
671900,-1.072,-0.689,-9.460
671950,-1.072,-0.651,-9.460
672000,-0.843,-0.651,-9.421
672050,-0.919,-0.460,-9.421
672100,-1.072,-0.306,-9.383
672150,-1.072,-0.230,-9.383
672200,-1.149,-0.268,-9.268
672250,-1.034,-0.306,-9.421
672300,-0.881,-0.383,-9.383
672350,-0.804,-0.383,-9.421
672400,-1.072,-0.651,-9.383
672450,-0.919,-0.498,-9.306
672500,-0.919,-0.383,-9.460
672550,-1.111,-0.498,-9.306
672600,-1.111,-0.689,-9.383
672650,-1.034,-0.498,-9.345
672700,-1.264,-0.306,-9.268
672750,-0.804,-0.421,-9.536
672800,-0.460,-0.115,-9.575
672850,-0.919,-0.115,-9.460
673000,-0.728,-0.804,-9.306
673050,-0.728,-0.460,-9.383
673100,-0.996,-0.038,-9.383
673150,-1.034,-0.115,-9.345
673200,-0.919,-0.345,-9.498
673250,-0.996,-0.574,-9.421
673300,-1.034,-0.574,-9.421
673350,-0.957,-0.460,-9.383
673400,-0.843,-0.345,-9.421
673450,-0.881,-0.383,-9.460
673500,-0.957,-0.460,-9.345
673550,-0.996,-0.574,-9.383
673600,-0.881,-0.421,-9.460
673650,-0.804,-0.421,-9.498
673700,-1.034,-0.345,-9.421
673750,-1.264,-0.383,-9.306
673800,-1.072,-0.383,-9.383
673850,-0.766,-0.383,-9.460
673900,-0.766,-0.460,-9.421
673950,-0.919,-0.421,-9.460
674000,-1.072,-0.345,-9.345
674050,-0.843,-0.421,-9.383
674100,-0.728,-0.345,-9.345
674150,-0.881,-0.383,-9.421
674200,-1.072,-0.498,-9.498
674250,-0.996,-0.460,-9.421
674300,-0.881,-0.345,-9.421
674350,-0.804,-0.383,-9.383
674400,-0.843,-0.498,-9.421
674450,-0.919,-0.498,-9.383
674500,-0.996,-0.460,-9.421
674550,-0.996,-0.383,-9.421
674600,-0.957,-0.421,-9.383
674700,-0.919,-0.460,-9.421
674750,-0.881,-0.421,-9.421
674800,-0.881,-0.460,-9.421
674850,-0.996,-0.498,-9.421
674900,-0.957,-0.421,-9.421
674950,-0.957,-0.421,-9.383
675000,-0.919,-0.460,-9.421
675050,-1.034,-0.498,-9.421
675100,-0.957,-0.498,-9.421
675150,-0.919,-0.498,-9.383
675200,-0.881,-0.421,-9.421
675250,-0.919,-0.460,-9.383
675300,-0.919,-0.383,-9.421
675350,-0.957,-0.421,-9.421
675400,-0.919,-0.460,-9.421
675550,-0.919,-0.421,-9.383
675600,-0.957,-0.460,-9.383
675750,-0.996,-0.536,-9.383
675800,-0.843,-0.536,-9.421
675850,-0.881,-0.383,-9.421
675900,-1.034,-0.460,-9.383
675950,-0.996,-0.498,-9.345
676100,-1.034,-0.421,-9.345
676150,-0.957,-0.498,-9.230
676200,-0.843,-0.460,-9.460
676250,-0.881,-0.460,-9.498
676300,-0.957,-0.421,-9.421
676350,-0.957,-0.421,-9.421
676400,-0.957,-0.345,-9.383
676450,-0.881,-0.383,-9.421
676500,-0.957,-0.421,-9.345
676550,-0.919,-0.460,-9.460
676600,-0.843,-0.460,-9.421
676650,-0.919,-0.460,-9.345
676700,-0.919,-0.421,-9.383
676750,-1.034,-0.421,-9.421
676800,-1.072,-0.383,-9.383
676850,-1.034,-0.421,-9.383
676900,-0.881,-0.383,-9.421
676950,-0.919,-0.460,-9.421
677000,-0.881,-0.498,-9.383
677050,-0.919,-0.498,-9.421
677100,-0.996,-0.460,-9.421
677150,-0.957,-0.421,-9.421
677200,-0.996,-0.460,-9.383
677250,-0.996,-0.460,-9.421
677300,-0.957,-0.421,-9.421
677350,-0.881,-0.421,-9.421
677400,-0.843,-0.421,-9.383
677450,-0.881,-0.421,-9.421
677500,-0.996,-0.460,-9.421
677550,-0.957,-0.383,-9.421
677600,-0.957,-0.460,-9.421
677650,-0.957,-0.460,-9.421
677700,-0.919,-0.421,-9.421
677750,-0.843,-0.460,-9.421
677800,-0.881,-0.421,-9.421
677850,-0.957,-0.421,-9.421
677900,-0.996,-0.421,-9.460
677950,-0.957,-0.421,-9.421
678000,-0.957,-0.460,-9.421
678050,-0.919,-0.383,-9.421
678100,-0.881,-0.421,-9.421
678150,-0.881,-0.421,-9.383
678200,-0.919,-0.460,-9.421
678250,-0.881,-0.460,-9.383
678300,-0.919,-0.460,-9.421
678350,-0.996,-0.421,-9.421
678400,-0.957,-0.383,-9.460
678450,-0.919,-0.460,-9.421
678500,-0.919,-0.498,-9.460
678550,-0.881,-0.498,-9.383
678600,-0.957,-0.421,-9.421
678650,-0.957,-0.421,-9.383
678700,-0.957,-0.421,-9.421
678750,-0.919,-0.383,-9.421
678800,-0.957,-0.383,-9.383
678850,-0.957,-0.421,-9.421
678900,-0.919,-0.460,-9.460
678950,-0.957,-0.460,-9.460
679000,-0.919,-0.421,-9.383
679150,-0.996,-0.383,-9.460
679200,-0.919,-0.421,-9.421
679250,-0.881,-0.383,-9.383
679300,-0.919,-0.421,-9.383
679350,-0.881,-0.421,-9.421
679400,-0.919,-0.460,-9.421
679450,-0.919,-0.383,-9.421
679500,-0.996,-0.498,-9.421
679550,-0.957,-0.421,-9.421
679600,-0.957,-0.383,-9.383
679650,-0.957,-0.383,-9.421
679700,-0.919,-0.383,-9.421
679750,-0.919,-0.421,-9.460
679800,-0.957,-0.460,-9.383
679850,-0.919,-0.498,-9.421
679900,-0.919,-0.383,-9.421
679950,-0.919,-0.345,-9.460
680000,-0.996,-0.421,-9.460
680050,-0.996,-0.460,-9.383
680100,-0.957,-0.536,-9.383
680150,-0.881,-0.498,-9.421
680200,-0.843,-0.383,-9.421
680250,-0.919,-0.383,-9.421
680300,-0.996,-0.421,-9.421
680350,-0.996,-0.460,-9.383
680400,-0.957,-0.421,-9.383
680450,-0.881,-0.421,-9.421
680500,-0.881,-0.421,-9.421
680550,-0.881,-0.460,-9.383
680600,-0.919,-0.460,-9.383
680650,-0.957,-0.421,-9.421
680700,-0.957,-0.345,-9.421
680750,-1.034,-0.383,-9.421
680800,-1.072,-0.383,-9.383
680850,-0.919,-0.460,-9.421
680900,-0.881,-0.383,-9.421
680950,-0.881,-0.383,-9.383
681000,-0.919,-0.421,-9.421
681050,-0.919,-0.421,-9.421
681100,-0.957,-0.421,-9.383
681150,-0.996,-0.421,-9.421
681200,-0.957,-0.421,-9.421
681250,-0.919,-0.421,-9.460
681300,-0.919,-0.460,-9.421
681350,-0.957,-0.460,-9.421
681400,-0.881,-0.383,-9.460
681450,-0.957,-0.460,-9.421
681500,-0.996,-0.460,-9.421
681550,-0.919,-0.536,-9.383
681600,-0.843,-0.460,-9.421
681650,-0.919,-0.460,-9.383
681700,-0.996,-0.383,-9.421
681750,-0.957,-0.421,-9.383
681800,-0.957,-0.421,-9.421
681850,-0.957,-0.460,-9.421
681900,-0.919,-0.460,-9.460
681950,-0.843,-0.498,-9.421
682000,-0.881,-0.421,-9.460
682050,-0.996,-0.345,-9.421
682100,-0.996,-0.421,-9.383
682150,-0.881,-0.460,-9.421
682200,-0.957,-0.383,-9.460
682250,-0.919,-0.498,-9.421
682300,-0.919,-0.460,-9.421
682350,-0.881,-0.460,-9.421
682400,-0.919,-0.421,-9.383
682450,-0.957,-0.383,-9.421
682500,-0.957,-0.421,-9.345
682550,-0.919,-0.460,-9.421
682600,-0.919,-0.460,-9.421
682650,-0.957,-0.421,-9.421
682700,-0.957,-0.498,-9.421
682750,-0.881,-0.460,-9.421
682800,-0.881,-0.498,-9.421
682850,-0.919,-0.421,-9.421
682900,-0.957,-0.421,-9.383
682950,-0.957,-0.421,-9.383
683000,-0.957,-0.421,-9.383
683050,-0.957,-0.460,-9.383
683100,-0.919,-0.498,-9.421
683150,-0.919,-0.460,-9.421
683250,-0.881,-0.421,-9.383
683300,-0.957,-0.421,-9.460
683350,-0.996,-0.383,-9.383
683400,-0.957,-0.383,-9.421
683450,-0.996,-0.421,-9.421
683500,-0.919,-0.460,-9.460
683550,-0.881,-0.421,-9.421
683600,-0.957,-0.421,-9.421
683650,-0.957,-0.421,-9.421
683700,-0.957,-0.421,-9.383
683750,-0.919,-0.460,-9.345
683800,-0.957,-0.460,-9.460
683850,-0.919,-0.383,-9.383
683900,-0.881,-0.460,-9.421
683950,-0.957,-0.460,-9.383
684000,-0.957,-0.383,-9.421
684050,-0.957,-0.498,-9.421
684100,-0.957,-0.421,-9.421
684150,-0.957,-0.460,-9.421
684200,-0.957,-0.460,-9.421
684250,-0.919,-0.460,-9.460
684300,-0.957,-0.460,-9.460
684350,-0.957,-0.460,-9.383
684400,-0.957,-0.421,-9.460
684450,-0.957,-0.421,-9.421
684500,-0.957,-0.421,-9.421
684550,-0.957,-0.383,-9.421
684600,-0.919,-0.421,-9.421
684650,-0.919,-0.421,-9.383
684850,-0.957,-0.421,-9.383
684900,-0.919,-0.498,-9.383
684950,-0.881,-0.421,-9.383
685000,-0.881,-0.460,-9.421
685050,-0.957,-0.498,-9.421
685100,-0.957,-0.421,-9.383
685150,-0.957,-0.421,-9.421
685200,-0.957,-0.460,-9.460
685250,-0.957,-0.460,-9.383
685300,-0.919,-0.460,-9.383
685350,-0.881,-0.460,-9.421
685500,-0.996,-0.383,-9.421
685550,-1.034,-0.421,-9.421
685600,-0.957,-0.460,-9.421
685650,-0.881,-0.460,-9.460
685700,-0.881,-0.421,-9.421
685750,-0.881,-0.460,-9.421
685800,-0.957,-0.460,-9.383
685850,-1.034,-0.460,-9.345
685900,-0.957,-0.460,-9.421
685950,-0.919,-0.421,-9.421
686000,-0.881,-0.421,-9.383
686050,-0.957,-0.421,-9.421
686100,-0.919,-0.421,-9.421
686150,-0.957,-0.460,-9.421
686200,-0.957,-0.421,-9.383
686250,-0.957,-0.421,-9.421
686300,-0.957,-0.460,-9.421
686350,-0.919,-0.460,-9.421
686400,-0.919,-0.421,-9.383
686450,-0.919,-0.460,-9.421
686500,-0.957,-0.421,-9.383
686550,-0.957,-0.421,-9.460
686600,-0.957,-0.421,-9.421
686650,-0.919,-0.460,-9.421
686700,-0.919,-0.421,-9.345
686750,-0.957,-0.421,-9.460
686800,-0.957,-0.383,-9.383
686850,-0.957,-0.421,-9.383
686900,-0.957,-0.460,-9.421
686950,-0.919,-0.498,-9.421
687000,-0.957,-0.460,-9.345
687050,-0.919,-0.460,-9.421
687100,-0.919,-0.421,-9.421
687150,-0.919,-0.421,-9.421
687200,-0.996,-0.460,-9.421
687250,-0.996,-0.421,-9.421
687300,-0.957,-0.421,-9.421
687350,-0.919,-0.460,-9.383
687400,-0.957,-0.460,-9.421
687450,-0.919,-0.460,-9.421
687500,-0.957,-0.460,-9.383
687550,-0.957,-0.421,-9.421
687600,-0.957,-0.460,-9.345
687650,-0.957,-0.421,-9.460
687700,-0.919,-0.460,-9.460
687750,-0.919,-0.460,-9.383
687800,-1.072,-0.460,-9.460
687850,-1.149,-0.421,-9.268
687900,-1.072,-0.498,-9.383
687950,-1.149,-0.383,-9.421
688000,-1.226,-0.306,-9.460
688050,-1.379,-0.498,-9.421
688100,-1.379,-0.574,-9.575
688150,-1.379,-0.574,-9.421
688200,-1.647,0.000,-9.536
688250,-0.728,-0.498,-9.766
688300,-1.149,-0.383,-9.421
688350,-0.191,-0.383,-9.306
688400,0.038,-0.115,-9.345
688450,0.268,0.077,-8.464
688500,-0.306,0.230,-9.153
688550,0.268,0.153,-8.847
688600,0.000,-0.077,-9.689
688650,-0.191,-0.077,-9.536
688700,-0.191,-0.498,-9.421
688750,-0.153,-0.191,-9.115
688800,0.191,-0.498,-9.383
688850,-0.345,-0.460,-9.498
688900,-0.077,-0.383,-9.115
688950,-0.574,-0.345,-9.268
689000,-0.689,-0.306,-8.962
689050,-0.651,-0.881,-9.613
689100,-1.072,-0.613,-9.460
689150,-1.034,-0.536,-9.613
689200,-0.843,-0.460,-9.575
689250,-0.957,-0.345,-9.421
689300,-1.264,-0.383,-9.421
689350,-1.226,-0.460,-9.383
689400,-1.264,-0.651,-9.268
689450,-1.455,-0.613,-9.460
689500,-1.379,-0.460,-9.575
689550,-1.149,-0.306,-9.345
689600,-0.574,-0.536,-9.804
689650,-0.919,-0.460,-9.306
689700,-1.187,-0.651,-9.077
689850,-1.340,-0.728,-9.268
689900,-1.226,-0.689,-9.460
689950,-1.149,-0.766,-9.383
690000,-1.149,-0.804,-9.575
690050,-0.919,-0.574,-9.268
690100,-1.072,-0.574,-9.345
690150,-0.957,-0.766,-9.268
690200,-0.957,-0.574,-9.689
690250,-1.149,-0.574,-9.230
690300,-1.149,-0.843,-9.460
690350,-1.187,-0.957,-9.230
690400,-1.034,-1.072,-9.306
690550,-1.302,-0.804,-9.345
690700,-1.149,-0.651,-9.460
690750,-1.072,-0.613,-9.383
690800,-1.149,-0.574,-9.268
690850,-1.111,-0.651,-9.421
690900,-1.149,-0.689,-9.345
690950,-1.187,-0.689,-9.268
691000,-1.226,-0.689,-9.383
691050,-1.072,-0.574,-9.421
691100,-1.149,-0.689,-9.306
691150,-1.226,-0.574,-9.306
691400,-0.689,-0.383,-9.728
691450,-0.728,-0.268,-9.383
691500,-0.689,-0.728,-9.804
691550,-0.613,-0.230,-8.732
691600,-0.881,-0.460,-9.728
691750,-1.111,-0.460,-9.843
691800,-1.187,-0.191,-9.038
691850,-0.957,-0.345,-9.306
691900,-1.379,-0.651,-9.613
691950,-1.570,-0.881,-9.383
692000,-1.877,-0.843,-9.038
692150,-1.417,-0.345,-9.383
692200,-1.302,-1.187,-9.881
692250,-0.919,-0.613,-9.613
692300,-2.413,-0.728,-8.732
692350,-1.992,-1.302,-9.268
692400,-1.226,-1.072,-9.306
692450,-1.187,-0.460,-9.268
692500,-0.498,-0.957,-9.498
692550,-1.034,-0.613,-9.613
692600,-2.681,-0.460,-9.268
692650,-2.451,-0.230,-9.000
692700,-0.843,-0.957,-9.536
692750,-0.651,-1.034,-9.383
692800,-1.226,-0.957,-9.421
692850,-1.264,-0.498,-9.192
692900,-1.723,-0.574,-9.345
692950,-1.762,-0.613,-9.268
693000,-1.187,-0.843,-9.460
693050,-1.264,-0.689,-9.383
693100,-1.264,-0.843,-9.383
693150,-1.570,-0.574,-9.345
693200,-1.340,-0.728,-9.460
693250,-1.264,-0.766,-9.421
693300,-0.996,-0.728,-9.421
693350,-1.609,-0.345,-9.345
693400,-1.340,-0.421,-9.345
693450,-1.417,-0.306,-9.306
693500,-1.226,-0.689,-9.460
693550,-1.494,-0.957,-9.268
693600,-1.609,-0.843,-9.268
693650,-1.264,-0.804,-9.460
693700,-1.072,-0.498,-9.383
693750,-1.264,-0.421,-9.306
693800,-1.532,-0.383,-9.421
693850,-1.570,-0.651,-9.230
693900,-1.264,-0.651,-9.421
693950,-1.034,-0.919,-9.230
694000,-1.264,-0.957,-9.383
694050,-1.455,-0.728,-9.575
694100,-1.723,-0.268,-9.306
694150,-1.570,-0.498,-9.192
694200,-1.340,-0.613,-9.460
694250,-1.149,-0.843,-9.306
694300,-1.187,-0.689,-9.421
694350,-1.302,-0.498,-9.345
694400,-1.340,-0.498,-9.383
694450,-1.379,-0.613,-9.460
694500,-1.455,-0.613,-9.345
694550,-1.455,-0.460,-9.421
694600,-1.340,-0.536,-9.383
694650,-1.264,-0.613,-9.383
694700,-1.340,-0.574,-9.383
694750,-1.302,-0.613,-9.383
694800,-1.340,-0.766,-9.383
694850,-1.455,-0.651,-9.383
694900,-1.494,-0.460,-9.345
694950,-1.455,-0.460,-9.306
695000,-1.302,-0.536,-9.383
695050,-1.226,-0.689,-9.421
695100,-1.264,-0.613,-9.345
695150,-1.455,-0.613,-9.306
695200,-1.455,-0.613,-9.383
695350,-1.264,-0.613,-9.421
695400,-1.302,-0.536,-9.421
695450,-1.340,-0.498,-9.383
695500,-1.379,-0.574,-9.383
695550,-1.340,-0.689,-9.345
695600,-1.379,-0.728,-9.383
695650,-1.340,-0.613,-9.383
695700,-1.340,-0.536,-9.383
695750,-1.417,-0.574,-9.345
695800,-1.417,-0.574,-9.345
695850,-1.302,-0.574,-9.383
695900,-1.340,-0.574,-9.345
695950,-1.379,-0.651,-9.383
696000,-1.417,-0.613,-9.383
696050,-1.340,-0.689,-9.460
696100,-1.379,-0.651,-9.383
696150,-1.340,-0.536,-9.383
696200,-1.417,-0.613,-9.421
696250,-1.417,-0.574,-9.345
696300,-1.340,-0.651,-9.383
696350,-1.264,-0.651,-9.421
696400,-1.340,-0.613,-9.383
696450,-1.417,-0.613,-9.383
696500,-1.417,-0.651,-9.383
696550,-1.417,-0.574,-9.383
696600,-1.340,-0.651,-9.421
696650,-1.417,-0.689,-9.345
696700,-1.417,-0.689,-9.383
696750,-1.379,-0.613,-9.421
696800,-1.417,-0.460,-9.421
696850,-1.379,-0.613,-9.383
696900,-1.340,-0.536,-9.383
696950,-1.302,-0.689,-9.421
697000,-1.417,-0.651,-9.345
697050,-1.417,-0.613,-9.383
697100,-1.417,-0.498,-9.383
697150,-1.340,-0.536,-9.383
697200,-1.302,-0.574,-9.421
697250,-1.379,-0.651,-9.345
697300,-1.417,-0.728,-9.421
697450,-1.340,-0.613,-9.383
697600,-1.340,-0.651,-9.421
697650,-1.340,-0.574,-9.383
697700,-1.379,-0.574,-9.345
697750,-1.379,-0.574,-9.383
697800,-1.379,-0.613,-9.383
697850,-1.379,-0.613,-9.421
697900,-1.340,-0.574,-9.383
697950,-1.302,-0.613,-9.383
698000,-1.379,-0.651,-9.383
698050,-1.379,-0.613,-9.345
698100,-1.379,-0.613,-9.383
698150,-1.379,-0.536,-9.383
698200,-1.340,-0.613,-9.383
698250,-1.340,-0.574,-9.421
698300,-1.340,-0.613,-9.383
698350,-1.379,-0.613,-9.345
698400,-1.379,-0.574,-9.345
698450,-1.340,-0.574,-9.421
698500,-1.340,-0.613,-9.421
698550,-1.340,-0.689,-9.421
698600,-1.417,-0.651,-9.383
698650,-1.379,-0.574,-9.421
698700,-1.302,-0.498,-9.345
698750,-1.340,-0.613,-9.383
698800,-1.417,-0.651,-9.421
698850,-1.417,-0.613,-9.421
698900,-1.379,-0.536,-9.383
698950,-1.264,-0.651,-9.306
699000,-1.455,-0.689,-9.383
699050,-1.532,-0.574,-9.460
699100,-1.417,-0.689,-9.383
699150,-1.340,-0.728,-9.383
699200,-1.340,-0.651,-9.306
699250,-1.455,-0.460,-9.421
699300,-1.379,-0.574,-9.345
699350,-1.379,-0.651,-9.383
699400,-1.494,-0.613,-9.383
699450,-1.340,-0.574,-9.421
699500,-1.302,-0.613,-9.345
699550,-1.379,-0.651,-9.383
699600,-1.379,-0.536,-9.345
699650,-1.379,-0.651,-9.421
699700,-1.340,-0.574,-9.383
699750,-1.417,-0.574,-9.383
699800,-1.302,-0.498,-9.421
699850,-1.302,-0.574,-9.421
699900,-1.379,-0.651,-9.383
699950,-1.455,-0.689,-9.383
700000,-1.417,-0.574,-9.421
700050,-1.379,-0.498,-9.421
700100,-1.302,-0.536,-9.383
700150,-1.340,-0.498,-9.421
700200,-1.379,-0.574,-9.345
700250,-1.379,-0.613,-9.383
700300,-1.379,-0.613,-9.383
700350,-1.379,-0.574,-9.383
700400,-1.302,-0.613,-9.383
700450,-1.340,-0.651,-9.421
700500,-1.379,-0.613,-9.383
700550,-1.379,-0.536,-9.383
700600,-1.379,-0.613,-9.460
700650,-1.379,-0.574,-9.345
700700,-1.340,-0.613,-9.383
700750,-1.302,-0.651,-9.383
700800,-1.302,-0.574,-9.383
700850,-1.379,-0.536,-9.345
700900,-1.340,-0.613,-9.383
700950,-1.379,-0.651,-9.421
701000,-1.340,-0.613,-9.383
701050,-1.340,-0.613,-9.421
701100,-1.379,-0.574,-9.383
701150,-1.302,-0.613,-9.383
701200,-1.340,-0.613,-9.383
701250,-1.340,-0.613,-9.383
701300,-1.379,-0.574,-9.383
701350,-1.379,-0.574,-9.345
701400,-1.340,-0.613,-9.345
701450,-1.379,-0.536,-9.421
701500,-1.302,-0.613,-9.383
701550,-1.340,-0.613,-9.383
701600,-1.417,-0.536,-9.345
701650,-1.340,-0.613,-9.383
701700,-1.226,-0.651,-9.383
701750,-1.340,-0.536,-9.383
701800,-1.455,-0.574,-9.421
701850,-1.379,-0.574,-9.383
701900,-1.302,-0.536,-9.421
701950,-1.264,-0.574,-9.421
702000,-1.379,-0.651,-9.383
702050,-1.379,-0.689,-9.383
702100,-1.340,-0.536,-9.421
702150,-1.340,-0.536,-9.421
702200,-1.379,-0.536,-9.383
702250,-1.302,-0.613,-9.383
702300,-1.302,-0.613,-9.383
702450,-1.340,-0.574,-9.421
702500,-1.417,-0.574,-9.383
702550,-1.340,-0.613,-9.421
702600,-1.264,-0.574,-9.345
702650,-1.302,-0.613,-9.383
702700,-1.379,-0.574,-9.421
702750,-1.379,-0.613,-9.383
702800,-1.340,-0.613,-9.421
702850,-1.340,-0.498,-9.421
702900,-1.302,-0.574,-9.383
702950,-1.340,-0.613,-9.383
703000,-1.379,-0.613,-9.383
703050,-1.340,-0.574,-9.345
703100,-1.340,-0.613,-9.421
703150,-1.379,-0.574,-9.421
703200,-1.340,-0.651,-9.345
703350,-1.379,-0.613,-9.345
703400,-1.302,-0.651,-9.383
703450,-1.302,-0.613,-9.383
703500,-1.340,-0.536,-9.421
703650,-1.340,-0.574,-9.345
703700,-1.340,-0.536,-9.383
703750,-1.302,-0.651,-9.383
703800,-1.302,-0.613,-9.421
703950,-1.379,-0.574,-9.383
704000,-1.379,-0.574,-9.383
704050,-1.340,-0.613,-9.383
704100,-1.302,-0.613,-9.383
704150,-1.340,-0.574,-9.345
704200,-1.340,-0.574,-9.421
704250,-1.340,-0.574,-9.383
704300,-1.302,-0.613,-9.345
704350,-1.340,-0.651,-9.383
704400,-1.340,-0.574,-9.421
704450,-1.379,-0.613,-9.345
704500,-1.302,-0.574,-9.421
704550,-1.379,-0.536,-9.421
704600,-1.379,-0.574,-9.383
704650,-1.379,-0.574,-9.383
704700,-1.340,-0.651,-9.383
704750,-1.302,-0.613,-9.383
704800,-1.302,-0.574,-9.383
704850,-1.302,-0.574,-9.383
704900,-1.340,-0.574,-9.383
705050,-1.302,-0.574,-9.383
705100,-1.302,-0.574,-9.421
705150,-1.379,-0.613,-9.421
705200,-1.379,-0.574,-9.383
705300,-1.340,-0.536,-9.345
705350,-1.417,-0.498,-9.268
705400,-1.340,-0.498,-9.460
705450,-1.379,-0.728,-9.536
705500,-1.379,-0.613,-9.383
705550,-1.302,-0.421,-9.421
705600,-1.302,-0.345,-9.345
705650,-1.226,-0.498,-9.345
705700,-1.226,-0.574,-9.306
705750,-1.379,-0.574,-9.460
705800,-1.417,-0.613,-9.421
705850,-1.417,-0.689,-9.421
705900,-1.455,-0.383,-9.306
705950,-1.379,-0.345,-9.345
706000,-1.111,-0.574,-9.421
706050,-1.226,-0.919,-9.421
706100,-1.609,-0.421,-9.345
706150,-1.455,-0.345,-9.306
706200,-1.187,-0.536,-9.383
706250,-1.226,-0.498,-9.421
706300,-1.379,-0.613,-9.345
706350,-1.494,-0.574,-9.421
706400,-1.417,-0.536,-9.345
706450,-1.226,-0.689,-9.421
706500,-1.340,-0.574,-9.383
706550,-1.340,-0.498,-9.383
706600,-1.417,-0.536,-9.345
706650,-1.455,-0.536,-9.383
706700,-1.340,-0.536,-9.421
706750,-1.302,-0.651,-9.383
706800,-1.379,-0.574,-9.383
706850,-1.340,-0.574,-9.345
706900,-1.302,-0.498,-9.383
706950,-1.340,-0.613,-9.345
707000,-1.379,-0.613,-9.383
707050,-1.340,-0.574,-9.383
707100,-1.340,-0.498,-9.421
707150,-1.340,-0.536,-9.383
707200,-1.379,-0.536,-9.383
707250,-1.379,-0.498,-9.421
707300,-1.417,-0.536,-9.421
707350,-1.264,-0.651,-9.345
707400,-1.302,-0.460,-9.421
707450,-1.340,-0.498,-9.421
707600,-1.379,-0.613,-9.345
707650,-1.302,-0.460,-9.383
707700,-1.340,-0.574,-9.383
707750,-1.417,-0.574,-9.383
707800,-1.379,-0.536,-9.383
707850,-1.340,-0.460,-9.421
707900,-1.340,-0.498,-9.345
707950,-1.379,-0.574,-9.421
708100,-1.379,-0.536,-9.383
708150,-1.302,-0.536,-9.383
708300,-1.379,-0.498,-9.421
708350,-1.379,-0.460,-9.383
708400,-1.340,-0.460,-9.383
708450,-1.340,-0.613,-9.383
708500,-1.417,-0.536,-9.383
708550,-1.379,-0.498,-9.383
708600,-1.340,-0.536,-9.345
708650,-1.379,-0.460,-9.383
708700,-1.340,-0.574,-9.421
708750,-1.379,-0.574,-9.383
708800,-1.417,-0.651,-9.421
708850,-1.302,-0.613,-9.345
708900,-1.340,-0.191,-9.383
708950,-1.379,-0.421,-9.421
709000,-1.302,-0.766,-9.421
709050,-1.455,-0.766,-9.460
709100,-1.570,-0.651,-9.306
709150,-1.494,-0.230,-9.230
709200,-1.226,-0.153,-9.460
709250,-0.996,-0.460,-9.383
709300,-1.226,-0.919,-9.345
709350,-1.532,-0.766,-9.345
709400,-1.570,-0.460,-9.345
709450,-1.417,-0.383,-9.421
709500,-1.570,-0.383,-9.345
709550,-1.417,-0.421,-9.345
709600,-1.111,-0.574,-9.421
709650,-1.226,-0.613,-9.306
709700,-1.455,-0.383,-9.383
709750,-1.455,-0.421,-9.383
709800,-1.417,-0.498,-9.421
709850,-1.494,-0.574,-9.345
709900,-1.379,-0.536,-9.421
709950,-1.302,-0.574,-9.383
710000,-1.302,-0.498,-9.345
710050,-1.417,-0.536,-9.383
710100,-1.417,-0.574,-9.383
710150,-1.379,-0.613,-9.306
710200,-1.340,-0.498,-9.421
710250,-1.340,-0.498,-9.421
710300,-1.417,-0.498,-9.383
710350,-1.379,-0.613,-9.383
710400,-1.455,-0.498,-9.383
710450,-1.417,-0.498,-9.383
710600,-1.494,-0.613,-9.383
710650,-1.302,-0.421,-9.421
710700,-1.264,-0.345,-9.345
710750,-1.379,-0.574,-9.383
710800,-1.494,-0.613,-9.421
710850,-1.455,-0.536,-9.345
710900,-1.455,-0.383,-9.421
710950,-1.417,-0.498,-9.383
711000,-1.379,-0.536,-9.383
711050,-1.264,-0.498,-9.268
711100,-1.379,-0.498,-9.460
711150,-1.494,-0.460,-9.575
711200,-1.609,-0.421,-9.345
711350,-1.111,-0.421,-9.383
711400,-1.340,-0.498,-9.383
711450,-1.609,-0.460,-9.383
711500,-1.455,-0.421,-9.383
711550,-1.264,-0.574,-9.345
711600,-1.532,-0.574,-9.536
711650,-1.838,-0.421,-9.306
711700,-1.877,-0.383,-9.383
711750,-1.417,-0.536,-9.268
711800,-1.072,-0.728,-9.345
711850,-1.302,-0.574,-9.345
711900,-1.494,-0.421,-9.345
711950,-1.570,-0.460,-9.383
712000,-1.685,-0.536,-9.268
712050,-1.685,-0.651,-9.345
712100,-1.455,-0.383,-9.383
712150,-1.494,-0.383,-9.460
712200,-1.494,-0.651,-9.306
712250,-1.417,-0.574,-9.383
712300,-1.494,-0.383,-9.345
712350,-1.532,-0.460,-9.345
712400,-1.532,-0.536,-9.345
712450,-1.609,-0.536,-9.421
712500,-1.570,-0.383,-9.421
712550,-1.723,-0.191,-9.230
712600,-1.302,-0.574,-9.345
712650,-1.072,-0.689,-9.460
712700,-1.226,-0.498,-9.421
712750,-1.340,-0.804,-9.345
712800,-1.417,-0.498,-9.421
712850,-1.532,-0.421,-9.345
712900,-1.455,-0.498,-9.345
712950,-1.302,-0.383,-9.345
713000,-1.264,-0.498,-9.345
713050,-1.379,-0.460,-9.421
713100,-1.494,-0.498,-9.421
713250,-1.264,-0.306,-9.421
713300,-1.302,-0.498,-9.383
713350,-1.532,-0.574,-9.383
713400,-1.570,-0.574,-9.421
713450,-1.379,-0.421,-9.421
713500,-1.187,-0.306,-9.345
713550,-1.302,-0.498,-9.421
713600,-1.494,-0.613,-9.421
713650,-1.455,-0.460,-9.421
713700,-1.302,-0.383,-9.383
713750,-1.264,-0.421,-9.345
713800,-1.379,-0.498,-9.421
713850,-1.417,-0.421,-9.383
713900,-1.417,-0.383,-9.383
713950,-1.340,-0.421,-9.345
714000,-1.302,-0.574,-9.345
714050,-1.417,-0.498,-9.421
714100,-1.417,-0.651,-9.421
714150,-1.379,-0.574,-9.383
714200,-1.379,-0.268,-9.383
714250,-1.455,-0.460,-9.421
714300,-1.685,-0.613,-9.345
714350,-1.532,-0.498,-9.383
714400,-1.072,-0.421,-9.460
714500,-1.187,-0.306,-9.077
714550,-1.494,-0.421,-9.345
714600,-1.570,-0.306,-9.383
714650,-1.340,-0.536,-9.421
714700,-1.226,-0.536,-9.421
714750,-1.302,-0.306,-9.306
714800,-1.455,-0.306,-9.383
714850,-1.455,-0.498,-9.383
714900,-1.379,-0.498,-9.383
714950,-1.264,-0.460,-9.421
715000,-1.379,-0.306,-9.421
715050,-1.379,-0.345,-9.383
715100,-1.264,-0.460,-9.421
715150,-1.264,-0.460,-9.345
715200,-1.340,-0.345,-9.421
715250,-1.379,-0.306,-9.345
715300,-1.340,-0.345,-9.383
715350,-1.302,-0.345,-9.383
715400,-1.302,-0.383,-9.345
715450,-1.379,-0.421,-9.421
715500,-1.264,-0.268,-9.230
715550,-1.340,-0.345,-9.306
715600,-1.149,-0.498,-9.498
715650,-1.072,-0.153,-9.460
715700,-0.651,-0.421,-9.383
715750,-0.957,-0.306,-9.575
715800,-1.417,-0.153,-9.345
715850,-1.417,-0.306,-9.000
715900,-1.226,-0.345,-9.306
715950,-1.417,-0.191,-9.421
716000,-1.723,0.000,-9.345
716050,-1.723,-0.153,-9.383
716100,-1.379,-0.345,-8.962
716150,-0.996,-0.306,-9.345
716200,-1.149,0.421,-9.536
716250,-1.647,-0.383,-10.187
716300,-0.881,0.804,-9.038
716350,-0.766,0.077,-9.919
716400,-0.153,-1.149,-10.149
716450,0.613,-0.038,-9.498
716500,-0.574,1.264,-8.732
716550,-0.153,-0.536,-9.728
716600,-1.034,0.077,-9.498
716650,-1.762,0.613,-9.230
716700,-0.574,0.383,-9.651
716750,0.536,-0.077,-9.766
716800,0.804,-0.651,-9.651
716950,-0.689,-0.460,-9.613
717000,-1.072,-0.038,-8.579
717050,0.230,0.038,-8.426
717100,1.149,0.077,-9.268
717150,0.536,0.536,-9.153
717250,-0.230,-1.034,-9.958
717400,-0.077,-0.268,-8.847
717450,-0.268,-0.421,-9.689
717500,0.077,-0.191,-9.536
717550,-0.536,-0.498,-9.575
717600,-0.038,-0.115,-9.268
717650,-0.306,0.038,-9.498
717700,-0.268,-0.383,-9.421
717750,-0.268,-0.383,-9.498
717800,-0.077,-0.230,-9.575
717850,-0.421,0.038,-9.345
717900,-0.306,-0.306,-9.460
717950,-0.268,-0.421,-9.498
718000,-0.460,-0.230,-9.498
718050,-0.383,-0.191,-9.383
718100,-0.421,-0.230,-9.498
718150,-0.230,-0.230,-9.460
718200,-0.191,-0.230,-9.421
718250,-0.077,-0.268,-9.613
718300,-0.536,-0.115,-9.383
718450,-0.230,-0.115,-9.536
718500,-0.306,-0.268,-9.460
718550,-0.230,-0.268,-9.460
718600,-0.421,-0.115,-9.421
718650,-0.306,-0.153,-9.383
718700,-0.153,-0.230,-9.460
718750,-0.268,-0.230,-9.498
718800,-0.421,-0.153,-9.421
718900,-0.153,-0.421,-9.536
718950,-0.268,-0.153,-9.345
719000,-0.345,-0.077,-9.421
719150,-0.460,-0.153,-9.345
719200,-0.306,-0.038,-9.460
719250,-0.077,-0.191,-9.498
719300,-0.230,-0.383,-9.498
719350,-0.306,-0.191,-9.421
719400,-0.345,-0.153,-9.421
719450,-0.268,-0.191,-9.460
719500,-0.383,-0.153,-9.421
719550,-0.268,-0.230,-9.460
719700,-0.306,-0.268,-9.383
719750,-0.421,-0.230,-9.536
719800,-0.345,-0.191,-9.460
719850,-0.306,-0.306,-9.536
719900,-0.306,-0.306,-9.421
719950,-0.268,-0.191,-9.460
720000,-0.268,-0.268,-9.421
720050,-0.383,-0.115,-9.383
720100,-0.421,-0.383,-9.460
720150,-0.345,-0.268,-9.728
720300,-0.153,-0.345,-9.575
720350,-0.421,-0.421,-9.460
720400,-0.536,-0.230,-9.421
720450,-0.345,-0.191,-9.421
720500,-0.268,-0.230,-9.383
720550,-0.230,-0.230,-9.498
720600,-0.345,-0.383,-9.460
720650,-0.421,-0.115,-9.383
720700,-0.345,0.000,-9.421
720750,-0.268,-0.230,-9.498
720900,-0.230,-0.153,-9.383
720950,-0.306,0.000,-9.498
721000,-0.306,-0.268,-9.498
721050,-0.268,-0.345,-9.536
721100,-0.421,-0.230,-9.421
721150,-0.268,-0.038,-9.383
721200,-0.191,-0.306,-9.498
721250,-0.421,-0.191,-9.383
721300,-0.421,-0.191,-9.306
721350,-0.268,-0.191,-9.536
721400,-0.153,-0.345,-9.613
721450,-0.306,-0.153,-9.421
721500,-0.345,-0.077,-9.421
721550,-0.345,-0.230,-9.383
721600,-0.306,-0.306,-9.498
721650,-0.383,-0.268,-9.536
721700,-0.191,-0.115,-9.536
721750,-0.153,-0.191,-9.460
721800,-0.191,-0.306,-9.345
721850,-0.268,-0.153,-9.383
721900,-0.498,-0.306,-9.460
721950,-0.843,-0.383,-9.498
722000,-0.728,-0.421,-9.421
722050,-0.115,-0.153,-9.460
722100,0.038,0.000,-9.498
722150,-0.077,-0.191,-9.689
722200,-0.536,-0.574,-9.536
722250,-1.034,-0.613,-9.689
722300,-0.689,-0.574,-9.575
722350,-0.345,-0.038,-9.345
722400,-0.230,-0.038,-9.498
722450,-0.345,-0.345,-9.536
722500,-0.689,-0.345,-9.345
722550,-0.574,-0.077,-9.345
722600,-0.268,-0.115,-9.460
722650,-0.077,-0.383,-9.536
722700,-0.421,-0.383,-9.460
722850,-0.306,-0.268,-9.728
723000,-0.345,-0.306,-9.038
723050,0.115,-0.421,-9.728
723100,-0.689,-0.191,-9.498
723150,-0.689,-0.574,-9.460
723200,-0.421,-0.268,-9.460
723250,-0.421,-0.153,-9.498
723300,-0.421,-0.306,-9.460
723350,-0.460,-0.306,-9.460
723400,-0.536,-0.230,-9.460
723450,-0.498,-0.191,-9.460
723500,-0.421,-0.230,-9.421
723550,-0.460,-0.191,-9.498
723600,-0.460,-0.230,-9.421
723650,-0.498,-0.268,-9.421
723700,-0.460,-0.191,-9.421
723750,-0.460,-0.268,-9.460
723800,-0.460,-0.230,-9.460
723850,-0.460,-0.230,-9.383
723900,-0.460,-0.230,-9.460
724100,-0.383,-0.230,-9.498
724150,-0.345,-0.115,-9.613
724200,-0.689,-0.077,-9.268
724250,-0.498,0.153,-9.460
724300,-0.191,-0.728,-9.383
724350,-0.498,-0.766,-9.498
724400,-0.728,-0.383,-9.498
724450,-0.383,-0.153,-9.575
724500,-0.383,0.536,-9.383
724550,-0.574,0.651,-9.345
724600,-0.268,-0.613,-9.460
724650,-0.383,-1.111,-9.421
724700,-0.728,-0.421,-9.383
724750,-0.613,-0.077,-9.421
724800,-0.536,0.077,-9.613
724850,-0.345,-0.421,-9.613
724900,-0.460,-0.536,-9.536
724950,-0.460,-0.191,-9.192
725000,-0.306,-0.077,-9.421
725050,-0.191,-0.038,-9.498
725100,-0.536,-0.345,-9.536
725150,-0.689,-0.460,-9.421
725200,-0.383,-0.191,-9.498
725250,-0.153,0.191,-9.536
725300,-0.689,0.191,-9.383
725350,-0.268,-0.919,-10.992
725400,-0.498,-0.651,-9.421
725450,-0.613,-0.191,-9.000
725500,-0.421,-0.115,-9.843
725550,-0.421,0.115,-9.230
725600,-0.536,-0.115,-9.460
725650,-0.536,-0.421,-9.230
725700,-0.498,-0.421,-9.460
725750,-0.191,-0.498,-9.498
725800,-0.345,-0.077,-9.536
725850,-0.460,0.191,-9.460
725900,-0.766,-0.191,-9.383
725950,-0.421,-0.574,-9.421
726000,-0.574,-0.230,-9.460
726050,-0.460,-0.153,-9.498
726100,-0.268,-0.306,-9.460
726150,-0.536,-0.306,-9.498
726200,-0.766,-0.306,-9.421
726250,-0.689,-0.345,-9.421
726300,-0.345,-0.115,-9.345
726350,-0.268,-0.306,-9.460
726400,-0.230,-0.306,-9.536
726450,-0.651,-0.268,-9.383
726500,-0.689,-0.038,-9.498
726550,-0.498,-0.153,-9.421
726600,-0.383,-0.345,-9.460
726650,-0.421,-0.306,-9.421
726700,-0.613,-0.191,-9.460
726750,-0.498,-0.191,-9.421
726900,-0.421,-0.153,-9.460
726950,-0.460,-0.038,-9.192
727000,-0.383,-0.268,-9.575
727050,-0.268,-0.919,-9.575
727100,-0.498,-0.306,-9.613
727150,-0.843,-0.115,-9.230
727200,-0.766,-0.345,-9.230
727250,-0.268,0.498,-9.689
727300,0.000,-0.306,-9.460
727350,-0.498,-0.536,-9.613
727400,-0.919,-0.421,-9.460
727450,-0.919,-0.268,-9.230
727600,-0.460,-0.536,-10.111
727650,-0.766,-0.804,-8.847
727700,-1.264,-0.230,-9.498
727750,-1.187,0.191,-9.000
727800,-1.187,-0.919,-9.383
727850,-1.723,-1.072,-9.230
727900,-1.072,0.153,-9.843
727950,-0.345,0.191,-9.689
728000,-0.996,-0.919,-9.306
728050,-1.494,-1.034,-9.153
728100,-1.455,-0.421,-9.268
728150,-1.838,-0.230,-9.306
728200,-1.609,-0.804,-9.383
728250,-1.187,-0.498,-9.192
728400,-1.302,-0.191,-9.306
728450,-0.613,-0.421,-9.575
728500,-0.804,-0.268,-9.421
728550,-0.728,-0.345,-9.306
728600,0.191,0.038,-9.958
728650,-1.723,-1.072,-13.443
728700,-0.115,-0.460,-8.272
728750,-0.651,-0.306,-9.306
728800,-0.574,-0.498,-9.804
728850,-0.460,-0.115,-9.230
728900,-0.536,-0.153,-9.536
728950,-0.498,-0.383,-9.460
729000,-0.843,-0.345,-9.230
729050,-0.421,-0.038,-9.383
729100,-0.345,-0.115,-9.575
729150,-0.460,-0.383,-9.728
729200,-0.536,-0.268,-9.421
729250,-0.689,-0.077,-9.383
729300,-0.536,-0.153,-9.498
729350,-0.536,-0.191,-9.460
729400,-0.574,-0.383,-9.383
729450,-0.460,-0.306,-9.421
729500,-0.421,-0.191,-9.536
729550,-0.498,-0.153,-9.498
729600,-0.613,-0.153,-9.383
729650,-0.498,-0.230,-9.460
729700,-0.460,-0.306,-9.460
729750,-0.498,-0.191,-9.460
729800,-0.536,-0.191,-9.460
729850,-0.460,-0.115,-9.460
729900,-0.460,-0.191,-9.498
729950,-0.421,-0.191,-9.460
730000,-0.498,-0.268,-9.460
730050,-0.536,-0.230,-9.460
730100,-0.613,-0.230,-9.421
730150,-0.574,-0.153,-9.421
730200,-0.460,-0.230,-9.460
730250,-0.345,-0.230,-9.498
730300,-0.421,-0.153,-9.460
730350,-0.574,-0.153,-9.460
730400,-0.574,-0.268,-9.421
730450,-0.498,-0.268,-9.421
730500,-0.460,-0.191,-9.421
730550,-0.421,-0.230,-9.421
730600,-0.460,-0.230,-9.421
730750,-0.460,-0.153,-9.460
730800,-0.460,-0.191,-9.460
730850,-0.460,-0.191,-9.498
730900,-0.498,-0.153,-9.383
730950,-0.460,-0.191,-9.460
731000,-0.460,-0.191,-9.421
731050,-0.498,-0.191,-9.460
731100,-0.460,-0.191,-9.460
731150,-0.460,-0.268,-9.460
731200,-0.460,-0.153,-9.460
731250,-0.498,-0.191,-9.460
731300,-0.421,-0.230,-9.421
731350,-0.498,-0.230,-9.421
731400,-0.498,-0.191,-9.421
731450,-0.460,-0.191,-9.460
731500,-0.460,-0.191,-9.460
731550,-0.498,-0.230,-9.460
731600,-0.498,-0.230,-9.421
731650,-0.498,-0.191,-9.498
731700,-0.498,-0.191,-9.460
731750,-0.460,-0.230,-9.460
731800,-0.498,-0.153,-9.421
731850,-0.460,-0.230,-9.460
731900,-0.460,-0.191,-9.421
731950,-0.498,-0.191,-9.421
732000,-0.536,-0.191,-9.460
732050,-0.460,-0.191,-9.460
732100,-0.460,-0.191,-9.421
732150,-0.498,-0.230,-9.460
732200,-0.536,-0.077,-9.460
732250,-0.421,-0.268,-9.460
732300,-0.536,-0.268,-9.421
732350,-0.421,-0.230,-9.498
732400,-0.191,-0.038,-9.421
732450,-0.421,-0.191,-9.613
732500,-0.728,-0.153,-9.421
732550,-0.574,-0.230,-9.421
732600,-0.383,-0.077,-9.345
732650,-0.230,-0.038,-9.575
732700,-0.421,-0.191,-9.383
732750,-0.536,-0.306,-9.536
732800,-0.536,-0.115,-9.230
732850,-0.268,-0.153,-9.536
732900,-0.383,-0.038,-9.421
732950,-0.421,-0.268,-9.460
733000,-0.460,-0.230,-9.421
733050,-0.574,-0.115,-9.460
733100,-0.536,-0.077,-9.460
733150,-0.460,-0.230,-9.421
733200,-0.383,-0.191,-9.383
733250,-0.345,-0.191,-9.460
733300,-0.345,-0.153,-9.498
733350,-0.421,-0.115,-9.421
733400,-0.613,-0.115,-9.421
733450,-0.574,-0.115,-9.421
733500,-0.421,-0.191,-9.498
733550,-0.345,-0.230,-9.460
733600,-0.345,-0.191,-9.498
733650,-0.383,-0.153,-9.460
733700,-0.460,-0.115,-9.460
733750,-0.421,-0.153,-9.460
733800,-0.421,-0.115,-9.421
733850,-0.421,-0.153,-9.421
733900,-0.345,-0.191,-9.460
733950,-0.460,-0.115,-9.383
734000,-0.383,-0.077,-9.460
734050,-0.421,-0.306,-9.421
734100,-0.460,-0.153,-9.460
734150,-0.383,-0.077,-9.460
734200,-0.383,-0.153,-9.498
734250,-0.383,-0.038,-9.498
734300,-0.498,-0.115,-9.460
734350,-0.498,-0.153,-9.498
734400,-0.421,-0.115,-9.383
734450,-0.345,-0.191,-9.345
734500,-0.268,-0.077,-9.536
734550,-0.460,-0.153,-9.345
734600,-0.345,-0.230,-9.460
734650,-0.421,-0.038,-9.460
734700,-0.498,0.000,-9.498
734750,-0.306,-0.115,-9.460
734800,-0.460,-0.153,-9.421
734850,-0.421,-0.153,-9.421
734900,-0.383,-0.191,-9.460
734950,-0.345,-0.153,-9.421
735000,-0.268,-0.115,-9.460
735050,-0.383,-0.153,-9.383
735100,-0.383,-0.115,-9.460
735150,-0.498,-0.115,-9.460
735200,-0.498,-0.191,-9.460
735250,-0.383,-0.191,-9.460
735300,-0.345,-0.077,-9.460
735350,-0.345,-0.077,-9.460
735400,-0.383,-0.115,-9.383
735450,-0.421,-0.115,-9.460
735500,-0.345,-0.077,-9.460
735550,-0.345,-0.153,-9.421
735600,-0.383,-0.153,-9.460
735650,-0.383,-0.153,-9.460
735700,-0.383,-0.115,-9.383
735750,-0.345,-0.115,-9.498
735800,-0.383,-0.153,-9.460
735950,-0.383,-0.115,-9.421
736000,-0.460,-0.077,-9.460
736050,-0.383,-0.153,-9.460
736100,-0.345,-0.153,-9.460
736150,-0.383,-0.230,-9.421
736200,-0.383,-0.153,-9.421
736250,-0.383,-0.077,-9.460
736300,-0.383,-0.077,-9.421
736350,-0.383,-0.077,-9.345
736400,-0.383,-0.191,-9.575
736450,-0.383,-0.191,-9.460
736500,-0.383,-0.077,-9.498
736550,-0.191,-0.038,-9.460
736600,-0.383,-0.306,-9.460
736650,-0.804,-0.230,-9.383
736700,-0.689,0.038,-9.421
736750,-0.153,0.077,-9.383
736800,0.077,-0.191,-9.575
736850,-0.191,-0.306,-9.498
736900,-0.689,-0.460,-9.498
736950,-1.072,-0.038,-9.345
737000,-0.498,-0.038,-9.421
737050,0.038,-0.191,-9.498
737100,-0.115,-0.153,-9.460
737150,-0.536,-0.115,-9.421
737300,-0.421,-0.038,-9.421
737450,-0.268,-0.230,-9.498
737500,-0.306,-0.115,-9.460
737550,-0.421,-0.077,-9.460
737600,-0.421,-0.115,-9.460
737650,-0.345,-0.153,-9.460
737700,-0.383,-0.077,-9.460
737750,-0.383,-0.115,-9.460
737800,-0.345,-0.115,-9.460
737900,-0.460,-0.230,-9.421
737950,-0.421,-0.153,-9.460
738000,-0.345,-0.077,-9.460
738050,-0.345,-0.077,-9.421
738100,-0.345,-0.153,-9.498
738150,-0.383,-0.191,-9.421
738200,-0.421,-0.115,-9.460
738250,-0.460,-0.115,-9.421
738300,-0.460,-0.038,-9.421
738350,-0.268,-0.077,-9.460
738400,-0.230,-0.191,-9.498
738450,-0.345,-0.191,-9.421
738500,-0.345,-0.230,-9.536
738550,-0.498,-0.268,-9.345
738600,-0.766,-0.345,-9.498
738650,-0.689,-0.077,-9.383
738700,-0.268,-0.268,-9.460
738750,-0.115,-0.230,-9.421
738800,-0.306,-0.191,-9.421
738850,-0.115,0.191,-9.460
738900,0.268,-0.268,-9.536
738950,0.383,0.804,-9.689
739000,-1.494,-1.226,-10.072
739050,0.345,0.613,-8.732
739100,-0.268,0.000,-9.728
739150,0.000,-0.230,-9.498
739200,0.038,0.460,-9.536
739250,-0.230,0.268,-9.536
739300,0.115,0.230,-9.345
739350,-0.077,0.306,-9.306
739400,-0.153,0.651,-9.421
739450,0.077,0.383,-9.689
739500,-0.038,0.115,-9.460
739550,0.728,0.038,-9.766
739600,0.421,-0.153,-9.536
739650,0.038,0.077,-9.460
739700,-0.077,0.268,-9.460
739750,0.038,0.345,-9.498
739800,0.191,0.345,-9.536
739850,0.345,0.613,-9.613
739900,0.230,0.230,-9.421
739950,0.038,-0.191,-9.421
740000,0.077,-0.460,-9.460
740050,0.153,0.115,-9.536
740100,0.077,0.153,-9.536
740150,-0.077,0.038,-9.421
740200,0.038,0.191,-9.498
740250,0.268,0.421,-9.383
740300,0.115,0.421,-9.804
740350,0.000,0.230,-9.498
740400,-0.077,0.383,-9.383
740450,0.191,-0.230,-9.498
740500,0.038,-0.077,-9.498
740550,0.000,-0.115,-9.460
740600,-0.077,0.038,-9.345
740650,-0.038,0.230,-9.498
740700,0.000,0.191,-9.498
740750,0.115,0.038,-9.498
740800,0.115,-0.191,-9.460
740850,-0.038,0.077,-9.460
740900,-0.153,0.000,-9.498
740950,-0.268,0.038,-9.460
741000,-0.077,0.153,-9.460
741050,0.191,0.077,-9.575
741100,0.230,0.115,-9.536
741150,-0.038,0.077,-9.460
741200,-0.038,0.115,-9.345
741250,0.000,-0.038,-9.651
741300,-0.345,0.268,-9.460
741350,-0.153,0.077,-9.383
741500,-0.077,0.153,-9.575
741550,-0.268,0.306,-9.460
741600,-0.191,-0.191,-9.498
741650,0.115,0.077,-9.421
741700,0.230,-0.038,-9.689
741750,-0.077,0.230,-9.460
741800,-0.115,0.191,-9.460
741850,0.000,0.230,-9.038
741900,0.077,0.000,-9.460
741950,-0.038,-0.268,-9.575
742000,-0.383,0.268,-9.383
742050,-0.077,0.230,-9.460
742100,0.345,0.077,-9.383
742150,0.306,-0.077,-9.460
742200,-0.306,0.038,-9.498
742250,-0.536,0.268,-9.345
742300,-0.115,0.191,-9.460
742350,0.153,0.153,-9.498
742500,-0.153,-0.077,-9.421
742550,-0.191,-0.191,-9.536
742600,0.115,0.728,-9.421
742650,0.153,0.613,-9.421
742700,0.230,-0.191,-10.187
742750,0.268,0.000,-9.345
742800,0.038,0.038,-9.460
742850,-0.191,0.268,-9.383
742900,-0.421,0.345,-9.345
742950,-0.230,0.153,-9.421
743000,0.153,-0.077,-9.421
743050,0.230,-0.038,-9.498
743100,0.115,0.038,-9.498
743150,0.077,0.115,-9.575
743200,0.000,0.038,-9.536
743250,-0.115,0.000,-9.460
743300,-0.038,0.038,-9.536
743350,0.000,0.153,-9.536
743400,-0.115,0.383,-9.689
743450,-0.498,0.115,-9.268
743600,-0.153,0.077,-9.421
743750,0.000,0.115,-9.575
743800,-0.115,0.191,-9.383
743850,-0.230,0.191,-9.345
743900,0.077,0.306,-9.689
743950,0.230,-0.077,-9.498
744000,-0.230,0.191,-9.498
744050,-0.651,0.153,-9.268
744100,-0.574,0.191,-9.843
744150,-0.689,-0.115,-8.847
744200,-0.498,-0.077,-9.268
744250,-0.919,-0.153,-9.306
744300,-1.034,-0.038,-9.421
744350,-0.957,-0.115,-9.192
744400,-0.498,-0.498,-9.498
744450,-1.455,-0.689,-9.230
744500,-1.532,-0.536,-9.536
744550,-0.996,-0.574,-9.421
744600,-1.187,-0.421,-9.383
744650,-1.340,-0.077,-9.383
744700,-1.302,-0.383,-9.651
744750,-1.226,-0.536,-9.421
744800,-1.149,-0.383,-9.268
744850,-1.034,-0.536,-9.115
744900,-0.651,-0.421,-9.728
744950,-0.306,-0.881,-8.962
745000,-1.149,-0.153,-9.460
745050,-1.264,-0.038,-9.153
745100,-1.455,-1.149,-10.111
745150,-0.728,-0.536,-9.421
745200,-0.421,-0.613,-9.230
745300,-1.187,-0.153,-9.345
745350,-0.613,-0.383,-9.613
745400,-0.536,0.000,-9.460
745450,-0.689,-0.191,-9.306
745500,-0.421,-0.345,-9.498
745550,-0.421,-0.383,-9.345
745600,-0.383,-0.345,-9.536
745650,-0.230,-0.498,-9.421
745700,-0.230,-0.268,-9.498
745750,-0.383,-0.077,-9.460
745800,-0.345,-0.268,-9.498
745950,0.230,-0.574,-9.651
746000,-0.153,-0.077,-9.728
746150,-0.536,-0.153,-9.460
746300,-0.306,-0.153,-9.460
746350,-0.306,-0.191,-9.460
746450,-0.153,-0.077,-9.268
746500,-0.383,-0.191,-9.651
746550,-0.345,-0.728,-9.383
746600,-0.460,-0.191,-9.498
746650,-0.421,-0.421,-9.345
746700,-0.268,0.153,-9.766
746750,-0.268,0.000,-9.421
746800,-0.268,-0.115,-9.460
746850,-0.191,-0.383,-9.498
746900,-0.345,-0.306,-9.345
746950,-0.191,-0.115,-9.613
747000,-0.421,0.077,-9.460
747050,-0.383,-0.268,-9.383
747100,-0.498,-0.383,-9.383
747150,-0.345,-0.306,-9.460
747200,-0.306,-0.383,-9.613
747250,-0.421,-0.153,-9.575
747300,-0.498,-0.115,-9.230
747350,-0.191,-0.230,-9.498
747400,-0.383,-0.460,-9.498
747450,-0.689,-0.306,-9.421
747500,-0.460,-0.230,-9.345
747550,-0.268,-0.383,-9.689
747600,-0.536,-0.536,-9.383
747650,-0.498,-0.306,-9.383
747700,-0.268,-0.230,-9.498
747750,-0.421,-0.383,-9.498
747800,-0.613,-0.306,-9.460
747850,-0.345,-0.345,-9.460
747900,-0.421,-0.306,-9.460
747950,-0.460,-0.306,-9.421
748000,-0.498,-0.345,-9.460
748050,-0.460,-0.268,-9.383
748100,-0.421,-0.268,-9.498
748150,-0.421,-0.383,-9.460
748200,-0.536,-0.421,-9.498
748250,-0.536,-0.306,-9.460
748300,-0.421,-0.230,-9.460
748350,-0.345,-0.306,-9.460
748400,-0.383,-0.268,-9.460
748450,-0.460,-0.306,-9.421
748500,-0.460,-0.306,-9.498
748550,-0.460,-0.306,-9.421
748600,-0.421,-0.268,-9.460
748650,-0.345,-0.268,-9.498
748700,-0.383,-0.268,-9.460
748750,-0.421,-0.306,-9.498
748800,-0.421,-0.268,-9.421
748850,-0.383,-0.268,-9.460
748900,-0.345,-0.306,-9.460
748950,-0.421,-0.306,-9.460
749000,-0.498,-0.268,-9.383
749050,-0.460,-0.268,-9.460
749100,-0.345,-0.268,-9.460
749150,-0.345,-0.268,-9.498
749200,-0.345,-0.230,-9.421
749250,-0.421,-0.230,-9.460
749300,-0.460,-0.268,-9.460
749350,-0.383,-0.230,-9.421
749400,-0.345,-0.230,-9.460
749450,-0.383,-0.306,-9.460
749500,-0.460,-0.268,-9.460
749550,-0.460,-0.230,-9.460
749600,-0.306,-0.268,-9.460
749650,-0.421,-0.421,-9.421
749700,-0.498,-0.498,-9.306
749750,-0.498,-0.345,-9.421
749800,-0.191,0.115,-9.421
749850,-0.345,0.077,-9.460
749900,-0.345,-0.536,-9.536
749950,-0.460,-0.383,-9.345
750000,-0.230,-0.268,-9.460
750050,-0.230,0.000,-9.536
750100,-0.345,-0.077,-9.460
750150,-0.230,-0.191,-9.383
750200,-0.115,-0.268,-9.421
750250,-0.230,-0.191,-9.498
750300,-0.230,0.000,-9.536
750350,-0.306,-0.038,-9.460
750400,-0.383,-0.038,-9.460
750450,-0.306,-0.077,-9.345
750500,0.038,-0.077,-9.575
750550,-0.038,0.077,-9.536
750600,0.077,-0.115,-9.613
750650,-0.153,0.115,-9.345
750750,-0.038,0.077,-9.613
750800,-0.115,-0.077,-9.421
750850,-0.038,0.038,-9.421
750900,0.038,-0.191,-9.613
750950,0.268,0.115,-9.498
751000,0.038,0.153,-9.536
751050,-0.306,0.115,-9.460
751100,0.000,0.153,-9.536
751150,-0.038,0.191,-9.536
751200,0.077,-0.077,-9.651
751250,0.038,-0.077,-9.536
751300,-0.038,0.115,-9.575
751350,0.038,-0.038,-9.421
751400,-0.038,-0.038,-9.498
751450,-0.077,0.000,-9.498
751500,-0.077,-0.038,-9.498
751550,-0.077,-0.038,-9.498
751600,-0.077,0.038,-9.651
751650,-0.038,-0.038,-9.536
751700,-0.038,0.000,-9.498
751750,-0.115,-0.077,-9.613
751800,-0.077,-0.153,-9.460
751850,-0.077,-0.038,-9.536
751900,-0.077,-0.115,-9.460
751950,-0.077,-0.038,-9.498
752000,-0.077,-0.077,-9.460
752050,-0.115,-0.077,-9.498
752100,-0.268,-0.077,-9.613
752200,-0.230,-0.038,-9.345
752250,-0.191,-0.077,-9.460
752300,-0.115,-0.038,-9.421
752350,0.000,-0.115,-9.536
752400,-0.038,-0.230,-9.230
752450,-0.268,0.077,-9.498
752600,-0.115,-0.038,-9.460
752650,-0.077,-0.115,-9.498
752700,-0.077,0.000,-9.038
752750,-0.191,-0.077,-9.421
752800,-0.077,-0.153,-9.460
752850,-0.153,-0.153,-9.536
752900,-0.230,-0.230,-9.345
752950,-0.153,0.000,-9.613
753000,-0.230,-0.115,-9.421
753050,-0.268,-0.191,-9.460
753100,-0.230,-0.191,-9.728
753150,-0.077,-0.115,-9.421
753200,-0.230,-0.115,-9.536
753250,-0.306,-0.115,-9.460
753300,-0.230,-0.115,-9.421
753350,-0.191,-0.115,-9.383
753400,-0.191,-0.191,-9.498
753450,-0.230,-0.191,-9.536
753500,-0.306,-0.191,-9.421
753550,-0.383,-0.077,-9.383
753600,-0.306,-0.077,-9.498
753650,0.077,-0.077,-9.613
753700,0.115,-0.191,-9.536
753750,-0.153,-0.230,-9.536
753800,-0.345,-0.383,-9.306
753850,-0.383,-0.268,-9.536
754000,-0.077,-0.115,-9.613
754050,-0.115,-0.268,-9.498
754100,-0.191,-0.115,-9.498
754150,-0.230,-0.115,-9.498
754200,-0.306,-0.460,-9.536
754250,-0.306,-0.383,-9.383
754300,-0.613,-0.268,-9.345
754350,-0.191,-0.383,-9.460
754400,-0.153,-0.230,-9.498
754450,-0.345,-0.115,-9.498
754500,-0.460,-0.191,-9.498
754550,-0.306,-0.115,-9.421
754600,-0.268,-0.115,-9.421
754650,-0.460,-0.306,-9.498
754700,-0.230,-0.230,-9.345
754750,-0.383,-0.191,-9.460
754800,-0.460,-0.191,-9.345
754850,-0.345,-0.191,-9.460
754900,-0.345,-0.191,-9.421
754950,-0.306,-0.230,-9.421
755000,-0.306,-0.230,-9.498
755050,-0.498,-0.306,-9.268
755100,-0.345,-0.306,-9.268
755150,-0.077,-0.038,-9.881
755200,-0.038,-0.038,-9.536
755250,-0.843,-0.191,-9.498
755300,-0.804,-0.306,-9.268
755350,0.000,-0.689,-9.613
755400,0.115,-0.574,-9.498
755450,-0.574,-0.345,-9.383
755600,-0.306,0.077,-9.421
755650,-0.230,-0.421,-9.306
755700,-0.077,-0.843,-9.536
755750,-0.268,-0.383,-9.536
755800,-0.536,-0.230,-9.383
755850,-0.689,-0.306,-9.613
755900,-0.651,-0.421,-9.498
755950,-0.574,-0.460,-9.306
756000,-0.613,-0.191,-9.460
756050,-0.153,-0.230,-9.460
756100,-0.230,-0.421,-9.536
756150,-0.613,-0.268,-9.421
756200,-0.843,-0.268,-9.536
756250,-0.843,-0.421,-9.345
756300,-0.536,-0.383,-9.383
756350,-0.306,-0.230,-9.383
756400,-0.230,-0.268,-9.536
756450,-0.498,-0.345,-9.460
756500,-0.804,-0.306,-9.460
756550,-0.843,-0.345,-9.421
756600,-0.498,-0.345,-9.383
756650,-0.383,-0.345,-9.498
756700,-0.498,-0.383,-9.421
756750,-0.574,-0.345,-9.460
756800,-0.613,-0.306,-9.421
756850,-0.613,-0.345,-9.421
756900,-0.651,-0.306,-9.421
756950,-0.536,-0.268,-9.383
757000,-0.460,-0.345,-9.460
757150,-0.536,-0.421,-9.421
757200,-0.613,-0.306,-9.460
757250,-0.613,-0.115,-9.268
757300,-0.460,-0.345,-9.421
757350,-0.498,-0.383,-9.460
757400,-0.613,-0.421,-9.498
757450,-0.613,-0.306,-9.460
757500,-0.498,-0.268,-9.421
757550,-0.498,-0.268,-9.460
757600,-0.536,-0.306,-9.460
757650,-0.574,-0.345,-9.460
757700,-0.574,-0.345,-9.421
757750,-0.613,-0.345,-9.421
757800,-0.536,-0.345,-9.460
757850,-0.536,-0.345,-9.460
757900,-0.498,-0.345,-9.383
757950,-0.536,-0.306,-9.383
758000,-0.536,-0.268,-9.460
758050,-0.536,-0.268,-9.421
758100,-0.613,-0.268,-9.421
758150,-0.613,-0.268,-9.421
758200,-0.460,-0.306,-9.421
758250,-0.460,-0.383,-9.421
758300,-0.536,-0.421,-9.421
758350,-0.498,-0.306,-9.383
758400,-0.574,-0.345,-9.498
758450,-0.613,-0.306,-9.460
758500,-0.728,-0.345,-9.421
758550,-0.574,-0.345,-9.421
758600,-0.460,-0.383,-9.460
758650,-0.421,-0.345,-9.498
758700,-0.574,-0.268,-9.383
758750,-0.651,-0.306,-9.421
758800,-0.613,-0.306,-9.421
758850,-0.574,-0.421,-9.421
758950,-0.460,-0.383,-9.460
759000,-0.498,-0.383,-9.460
759050,-0.613,-0.306,-9.421
759100,-0.574,-0.345,-9.421
759250,-0.574,-0.306,-9.421
759300,-0.574,-0.306,-9.421
759350,-0.536,-0.268,-9.460
759400,-0.574,-0.306,-9.536
759450,-0.613,-0.345,-9.268
759500,-0.574,-0.345,-9.460
759550,-0.574,-0.306,-9.345
759600,-0.574,-0.421,-9.575
759650,-0.536,-0.421,-9.345
759700,-0.574,-0.306,-9.536
759750,-0.651,-0.306,-9.383
759800,-0.613,-0.268,-9.421
759850,-0.460,-0.268,-9.421
759900,-0.536,-0.345,-9.383
759950,-0.574,-0.421,-9.498
760000,-0.651,-0.460,-9.460
760050,-0.728,-0.306,-9.345
760100,-0.574,-0.306,-9.498
760150,-0.345,-0.460,-9.460
760250,-0.613,-0.345,-9.383
760300,-0.919,-0.230,-9.383
760350,-0.536,-0.421,-9.421
760400,-0.306,-0.728,-9.460
760450,-0.498,-0.460,-9.306
760500,-0.728,-0.306,-9.766
760550,-0.536,-0.077,-9.460
760600,-0.728,-0.191,-9.575
760650,-0.804,-0.421,-9.460
760700,-0.536,-0.536,-9.460
760750,-0.077,-0.421,-9.460
760800,-0.230,-0.383,-9.536
760850,-0.536,-0.268,-9.460
760900,-0.728,-0.191,-9.268
760950,-0.536,-0.306,-9.575
761000,-0.651,-0.191,-9.421
761050,-0.230,-0.421,-9.498
761100,-0.574,-0.345,-9.383
761150,-0.613,-0.306,-9.383
761200,-0.421,-0.230,-9.460
761250,-0.345,-0.421,-9.460
761300,-0.536,-0.383,-9.383
761350,-0.689,-0.268,-9.383
761400,-0.574,-0.306,-9.421
761450,-0.536,-0.345,-9.421
761500,-0.421,-0.345,-9.460
761550,-0.383,-0.345,-9.460
761600,-0.536,-0.421,-9.460
761750,-0.498,-0.345,-9.306
761800,-0.498,-0.421,-9.498
761850,-0.651,-0.498,-9.460
761900,-0.689,-0.460,-9.613
761950,-0.383,-0.689,-9.421
762000,-0.383,0.153,-9.613
762050,-0.574,-0.306,-9.536
762100,-0.766,-0.574,-9.498
762150,-0.460,-0.421,-9.383
762200,-0.268,-0.230,-9.536
762250,-0.460,-0.077,-9.345
762300,-0.689,-0.306,-9.421
762350,-0.383,-0.536,-9.460
762400,-0.306,-0.728,-9.536
762450,-0.498,-0.766,-9.498
762500,-0.574,0.306,-9.383
762550,-0.498,0.268,-9.575
762600,-0.421,-0.115,-9.383
762650,-0.421,-0.613,-9.306
762700,-0.153,-0.651,-9.460
762750,-0.383,-0.460,-9.498
762900,-0.651,-0.268,-9.421
762950,-0.345,-0.651,-9.536
763000,-0.230,-0.919,-9.345
763050,-0.383,-0.153,-9.421
763100,-0.421,-0.115,-9.421
763150,-0.766,-0.613,-9.460
763200,-0.383,-0.766,-8.962
763250,-0.153,-0.306,-9.306
763300,-0.498,-0.230,-9.498
763350,-0.766,-0.345,-9.421
763400,-0.689,-0.268,-9.536
763450,-0.383,-0.268,-9.460
763500,-0.306,-0.306,-9.460
763550,-0.460,-0.345,-9.460
763600,-0.536,-0.306,-9.345
763650,-0.651,-0.191,-8.541
763700,-0.268,-0.191,-9.958
763750,-0.651,-0.460,-9.996
763800,-0.268,-0.498,-9.689
763850,-0.613,-0.306,-9.306
763900,-0.613,-0.345,-9.498
763950,-0.689,-0.306,-9.306
764000,-0.421,-0.306,-9.421
764050,-0.421,-0.306,-9.460
764100,-0.613,-0.421,-9.383
764150,-0.651,-0.345,-9.460
764200,-0.574,-0.345,-9.421
764250,-0.498,-0.268,-9.460
764300,-0.613,-0.306,-9.421
764350,-0.383,-0.345,-9.460
764400,-0.383,-0.268,-9.498
764450,-0.536,-0.191,-9.421
764500,-0.574,-0.230,-9.345
764550,-0.613,-0.345,-9.536
764600,-0.421,-0.306,-9.498
764650,-0.421,-0.268,-9.498
764700,-0.536,-0.383,-9.383
764750,-0.574,-0.345,-9.421
764800,-0.613,-0.306,-9.421
764850,-0.536,-0.230,-9.498
764900,-0.345,-0.306,-9.498
764950,-0.383,-0.345,-9.460
765000,-0.460,-0.306,-9.421
765050,-0.498,-0.306,-9.460
765100,-0.536,-0.306,-9.421
765150,-0.613,-0.268,-9.460
765200,-0.536,-0.268,-9.460
765250,-0.498,-0.230,-9.460
765300,-0.498,-0.345,-9.421
765350,-0.498,-0.345,-9.383
765400,-0.498,-0.306,-9.460
765450,-0.574,-0.268,-9.460
765500,-0.498,-0.345,-9.383
765550,-0.536,-0.268,-9.460
765600,-0.498,-0.345,-9.460
765650,-0.460,-0.345,-9.460
765700,-0.460,-0.306,-9.460
765750,-0.498,-0.306,-9.460
765800,-0.460,-0.306,-9.421
765850,-0.498,-0.306,-9.421
765900,-0.498,-0.306,-9.460
765950,-0.574,-0.306,-9.460
766000,-0.536,-0.383,-9.421
766050,-0.498,-0.306,-9.460
766100,-0.421,-0.345,-9.460
766150,-0.460,-0.268,-9.421
766200,-0.536,-0.306,-9.383
766250,-0.536,-0.306,-9.460
766300,-0.498,-0.268,-9.421
766350,-0.498,-0.306,-9.460
766400,-0.460,-0.383,-9.460
766450,-0.536,-0.306,-9.460
766500,-0.498,-0.268,-9.421
766550,-0.421,-0.536,-9.345
766600,-0.536,-0.345,-9.498
766650,-0.574,-0.230,-9.345
766700,-0.536,-0.191,-9.536
766750,-0.574,-0.268,-9.498
766800,-0.536,-0.383,-9.421
766850,-0.536,-0.421,-9.460
766900,-0.498,-0.383,-9.345
766950,-0.574,-0.345,-9.383
767000,-0.421,-0.345,-9.498
767050,-0.651,-0.306,-9.536
767100,-0.651,-0.460,-9.498
767150,-0.613,-0.383,-9.383
767200,-0.383,-0.421,-9.536
767250,-0.460,-0.345,-9.536
767300,-0.460,-0.383,-9.306
767350,-0.460,-0.345,-9.498
767400,-0.460,-0.268,-9.421
767450,-0.574,-0.383,-9.498
767500,-0.651,-0.460,-9.498
767550,-0.536,-0.383,-9.498
767600,-0.613,-0.345,-9.421
767650,-0.498,-0.306,-9.536
767700,-0.536,-0.345,-9.383
767750,-0.421,-0.306,-9.421
767800,-0.345,-0.345,-9.498
767850,-0.613,-0.383,-9.345
767900,-0.689,-0.306,-9.421
767950,-0.536,-0.345,-9.498
768000,-0.460,-0.345,-9.421
768050,-0.536,-0.421,-9.383
768100,-0.613,-0.306,-9.460
768150,-0.536,-0.345,-9.498
768200,-0.498,-0.268,-9.421
768250,-0.383,-0.383,-9.460
768300,-0.574,-0.383,-9.460
768350,-0.574,-0.383,-9.421
768400,-0.574,-0.345,-9.460
768450,-0.498,-0.306,-9.460
768500,-0.498,-0.345,-9.383
768550,-0.574,-0.345,-9.460
768600,-0.651,-0.345,-9.460
768650,-0.613,-0.306,-9.460
768700,-0.421,-0.460,-9.460
768750,-0.498,-0.306,-9.460
768800,-0.574,-0.421,-9.421
768850,-0.574,-0.345,-9.460
768900,-0.613,-0.268,-9.345
768950,-0.498,-0.383,-9.460
769000,-0.460,-0.421,-9.421
769050,-0.574,-0.383,-9.421
769100,-0.574,-0.345,-9.421
769150,-0.536,-0.345,-9.421
769200,-0.574,-0.345,-9.421
769250,-0.574,-0.306,-9.421
769300,-0.574,-0.345,-9.460
769350,-0.498,-0.421,-9.421
769400,-0.536,-0.306,-9.421
769450,-0.574,-0.306,-9.421
769500,-0.536,-0.268,-9.460
769550,-0.536,-0.345,-9.421
769600,-0.460,-0.268,-9.421
769650,-0.460,-0.345,-9.421
769700,-0.536,-0.498,-9.651
769750,-0.766,-0.651,-9.306
769800,-0.766,-0.574,-9.613
769850,-0.536,-0.153,-9.460
769900,-0.345,0.153,-9.536
769950,-0.460,-0.230,-9.651
770000,-0.460,-0.574,-9.383
770050,-0.689,-0.306,-9.383
770100,-0.613,-0.153,-9.460
770150,-0.766,-0.574,-9.038
770200,-0.996,-0.306,-9.383
770250,-1.532,-0.383,-9.383
770300,-0.957,-1.034,-9.345
770350,-0.421,-0.153,-9.689
770400,-1.072,0.115,-9.498
770450,-1.187,-0.191,-9.460
770500,-1.072,-0.574,-9.115
770550,-1.723,-0.383,-9.383
770600,-1.417,-0.230,-8.732
770650,-1.111,-0.421,-9.613
770700,-0.957,-0.804,-9.345
770750,-0.728,-0.536,-9.460
770800,-1.034,-0.383,-9.536
770850,-1.379,-0.383,-9.383
770900,-0.996,-0.421,-9.383
770950,-0.766,-0.345,-9.460
771000,-0.843,-0.345,-9.498
771050,-0.957,-0.345,-9.421
771100,-0.881,-0.460,-9.460
771150,-0.766,-0.383,-9.345
771200,-0.804,-0.191,-9.498
771250,-0.804,-0.383,-9.345
771300,-0.996,-0.306,-9.345
771350,-0.919,-0.268,-9.383
771400,-0.881,-0.191,-9.306
771450,-0.843,-0.306,-9.575
771500,-0.996,-0.345,-9.345
771550,-0.957,-0.460,-9.345
771700,-0.881,-0.306,-9.460
771750,-0.996,-0.268,-9.345
771800,-0.919,-0.306,-9.498
771850,-0.766,-0.383,-9.460
771900,-0.766,-0.115,-9.498
771950,-0.574,-0.115,-9.536
772000,-0.804,-0.230,-9.345
772050,-0.843,-0.153,-9.421
772100,-0.957,0.000,-9.575
772150,-0.460,-0.191,-9.575
772200,-0.536,-0.077,-9.460
772250,-0.728,0.077,-9.383
772300,-0.843,-0.115,-9.498
772350,-0.613,-0.191,-9.460
772400,-0.230,-0.230,-9.460
772450,-0.460,-0.115,-9.460
772500,-0.804,0.077,-9.421
772600,-0.536,-0.230,-9.498
772650,-0.345,-0.268,-9.421
772700,-0.613,-0.153,-9.460
772750,-0.651,-0.115,-9.383
