52700,0.651,-4.864,-4.443
52750,-6.587,-13.749,-0.881
52800,0.689,-8.426,-6.855
52850,-3.026,-7.583,0.613
52900,-2.26,-7.583,-3.217
52950,-2.681,-7.506,-3.523
53000,-3.102,-8.158,-2.528
53050,-5.055,-10.187,-1.302
53100,-3.447,-10.111,-2.221
53150,-1.111,-10.417,-3.37
53200,-4.864,-11.796,0.383
53250,0.421,-12.907,-2.413
53300,-1.455,-11.949,-3.255
53350,-4.749,-11.145,-1.723
53400,-2.834,-10.226,-5.592
53450,-0.038,-7.621,-2.298
53500,-1.034,-7.736,-4.596
53550,-1.915,-3.37,-3.906
53600,1.111,-2.068,-3.868
53650,1.264,-2.757,-5.821
53700,0.383,-2.106,-7.468
53750,1.532,-3.677,-7.047
53800,3.523,-12.868,-14.209
53850,1.34,-5.132,-7.851
53900,-1.877,-7.162,-5.477
53950,-2.489,-12.907,-3.792
54000,1.149,-8.158,-5.4
54050,-2.03,-8.464,-2.911
54100,-4.366,-7.966,-4.06
54150,-3.026,-7.353,-3.485
54200,-2.068,-7.123,-3.945
54250,-1.609,-7.583,-3.255
54300,-4.021,-8.962,-0.996
54350,-2.451,-9.306,-1.877
54400,-2.834,-9.421,-0.766
54450,-3.485,-10.264,-1.494
54500,-4.443,-11.03,-1.877
54550,-3.638,-11.413,-1.609
54600,-2.681,-10.264,-1.877
54650,0.421,-12.6,-2.681
54700,-0.345,-13.519,0
54750,-3.217,-10.685,-1.417
54800,-2.489,-8.923,-5.668
54850,-0.957,-6.319,-2.336
54900,-1.532,-6.472,-3.753
54950,-1.264,-4.213,-4.366
55000,1.072,-2.681,-3.792
55050,0.268,-2.987,-5.63
55100,0.115,-2.872,-6.434
55150,0.613,-3.945,-6.97
55200,1.149,-4.481,-9.115
55250,-9.728,-15.97,-10.915
55300,0.115,-1.417,0.881
55350,-5.055,-17.579,-5.247
55400,-0.728,-6.97,-3.409
55450,-3.485,-9.077,-3.638
55500,-3.37,-7.353,-3.026
55550,-2.451,-7.43,-2.834
55600,-1.34,-7.43,-2.413
55650,-2.949,-9.268,-0.345
55700,-3.102,-9.804,-1.992
55750,-4.443,-9.23,-1.8
55800,-2.987,-10.762,-1.953
55850,-4.864,-11.298,-1.417
55900,-3.485,-11.375,-3.064
55950,-1.992,-12.638,-1.417
56000,-1.609,-12.638,1.647
56050,-2.796,-11.949,-3.715
56100,-1.992,-9.23,-4.289
56150,-1.379,-6.319,-2.26
56200,-1.072,-4.213,-2.949
56250,0.153,-1.647,-4.213
56300,-0.651,-2.911,-6.549
56350,-0.383,-4.94,-6.855
56400,-2.719,-4.175,-7.66
56450,0.345,-13.136,-7.813
56500,2.796,-7.085,-1.187
56550,-1.762,-4.672,3.37
56600,-7.392,-17.349,-4.672
56650,-0.268,-6.511,-4.902
56700,-5.821,-8.272,-1.302
56750,-3.485,-9.153,-3.638
56800,-1.57,-6.089,-3.638
56850,-3.906,-7.009,-5.17
56900,-4.787,-6.396,-3.792
56950,-2.719,-10.915,-4.136
57000,-3.523,-11.566,-4.366
57050,4.404,-7.889,-11.451
57100,-0.153,-6.779,-3.332
57150,0.843,-8.655,3.064
57200,-1.417,-9.536,-0.996
57250,1.226,-9.575,-3.255
57300,-1.187,-9.306,-4.902
57350,-3.332,-8.732,-6.243
57400,-3.026,-7.047,-4.06
57450,0.919,-7.583,-2.221
57500,0.383,-6.319,-3.753
57550,-0.306,-7.698,-4.404
57600,-2.221,-7.775,-3.217
57650,-1.953,-17.579,-6.74
57700,-0.077,-5.706,-1.379
57750,-2.528,-6.702,-0.957
57800,-4.826,-10.302,-0.498
57850,-3.6,-9.498,-0.613
57900,-1.072,-10.455,-0.306
57950,-2.796,-8.847,-1.532
58000,-3.792,-10.034,-0.574
58050,-2.834,-8.732,-1.226
58100,-1.915,-8.043,-0.421
58150,-1.877,-9.115,-1.417
58200,-4.021,-9.192,-3.064
58250,-3.447,-12.6,-2.26
58300,3.447,-10.685,-0.689
58350,-2.987,-11.949,-3.409
58400,-3.638,-10.072,-2.413
58450,-1.226,-8.081,-2.911
58500,0.23,-5.898,-2.145
58550,-0.038,-4.711,-3.677
58600,-0.383,-4.711,-4.328
58650,-1.264,-8.349,-2.643
58700,-7.277,-17.579,-1.034
58750,1.455,-0.881,9.345
58800,-4.136,-10.762,0.613
58850,-1.264,-9.996,-1.187
58900,-2.987,-9.306,-0.536
58950,-3.715,-8.847,-0.574
59000,-2.604,-9.46,-0.115
59050,-2.911,-8.923,-0.651
59100,-3.179,-8.004,-2.03
59150,-3.37,-7.315,-2.987
59300,5.055,-12.447,-1.992
59350,-4.136,-10.953,-2.451
59400,-3.485,-9.345,-3.255
59450,-1.226,-6.97,-1.494
59500,0.843,-5.055,-1.034
59550,-2.145,-6.243,-0.766
59600,-5.477,-7.928,3.906
59650,-3.638,-17.349,-3.37
59700,3.6,-8.426,-2.872
59750,-5.592,-8.502,-0.843
59800,-5.362,-9.728,-1.992
59850,-0.804,-8.464,-1.8
59900,-1.953,-9.613,-0.957
59950,-3.14,-9.536,-0.689
60000,-4.136,-9.115,-0.038
60050,-3.6,-9.421,-1.302
60150,-2.757,-8.962,-0.996
60200,-3.255,-8.387,-0.804
60250,-2.681,-9.153,-1.379
60300,-2.911,-10.264,-0.421
60350,-2.489,-10.724,-1.072
60400,-1.647,-10.111,-1.532
60500,1.532,-8.349,-2.106
60550,-2.604,-9.651,-3.83
60600,-2.183,-9.498,-3.868
60650,-1.379,-9.345,-4.672
60700,-0.306,-8.655,-3.945
60750,-0.306,-6.97,-4.557
60800,-1.877,-6.166,-3.792
60850,-1.838,-5.132,-3.37
60900,-1.34,-5.209,-3.945
60950,0.077,-5.745,-3.332
61000,-2.719,-16.238,-2.987
61050,-2.183,-12.677,-15.511
61150,-5.783,-8.502,0.728
61200,-1.532,-10.379,-1.532
61250,-1.187,-9.996,-0.574
61300,-2.336,-9.306,-0.345
61350,-2.451,-9.306,-1.149
61400,-2.949,-8.158,-2.183
61450,-4.366,-9.268,-1.838
61500,-0.766,-11.145,-1.072
61550,1.149,-10.379,-2.068
61600,-2.566,-8.809,-0.881
61650,0.843,-11.949,-4.06
61700,-1.226,-8.043,-0.46
61750,-0.421,-6.166,-2.298
61800,0.191,-6.243,-0.881
61850,6.396,-7.851,-1.379
61900,-5.247,-18.651,-4.596
61950,-0.268,-5.055,-4.787
62000,-3.638,-5.975,2.796
62050,1.953,-12.332,-8.158
62100,-3.523,-8.694,-1.149
62150,-3.715,-8.923,0.191
62200,-4.519,-7.813,-2.719
62250,-4.366,-9.038,-1.609
62300,3.753,-11.375,-2.145
62350,-2.489,-12.677,-6.089
62400,0.23,-8.885,-1.8
62450,-1.8,-7.162,-3.102
62500,2.145,-5.017,-2.298
62550,0.268,-5.17,-2.604
62600,-0.345,-8.923,-0.881
62650,-2.183,-15.09,-6.817
62700,-3.523,-3.83,1.187
62750,-3.906,-9.996,1.532
62800,-2.872,-10.149,-3.332
62850,-0.268,-9.728,1.685
62900,-2.528,-9.23,-0.957
62950,-4.519,-9.153,0.574
63000,-3.026,-9.383,-0.153
63050,-1.953,-8.962,0.268
63100,-3.332,-9.038,0.191
63150,-4.481,-8.847,-0.191
63200,-3.906,-9.153,-0.613
63250,-3.026,-8.809,-1.187
63300,-1.34,-8.847,-1.264
63350,-1.838,-7.506,-1.685
63400,-4.404,-9.46,-2.221
63450,-4.136,-13.634,-1.992
63500,2.374,-10.034,-0.613
63550,-0.038,-10.149,-5.017
63600,-5.17,-9.536,-0.766
63650,-1.57,-11.987,-4.826
63700,-0.345,-6.511,-3.332
63750,0.077,-1.953,-1.302
63800,-0.345,-2.681,-3.217
63850,-1.264,-3.6,0.804
63900,-9.651,-13.213,-6.626
63950,0.345,-3.409,0.766
64000,-9.996,-14.438,5.362
64050,2.566,-10.302,-7.621
64100,-1.417,-7.583,0.689
64150,-4.519,-9.115,-1.034
64200,-3.026,-7.315,-2.145
64250,-1.302,-6.894,-3.906
64300,-5.898,-8.809,-0.651
64350,-1.877,-12.332,-4.06
64400,-0.651,-7.277,-5.668
64450,-5.362,-7.545,-2.796
64500,-0.038,-9.996,-3.294
64550,-0.651,-8.081,-4.251
64600,-0.843,-8.426,-3.792
64650,-0.153,-6.204,-2.413
64700,-0.728,-6.128,-3.562
64750,-1.264,-6.932,-4.94
64800,-0.919,-6.855,-1.8
64850,-1.34,-18.728,-11.872
64900,-2.719,-3.868,3.255
64950,-6.089,-9.958,0.881
65000,-1.226,-9.421,-0.651
65050,-0.268,-10.341,-2.604
65100,-3.37,-9.575,-0.843
65150,-3.906,-8.349,-1.264
65200,-2.145,-9.192,-1.57
65250,-1.8,-9,-2.145
65300,-2.489,-9.115,-0.421
65350,-3.37,-9.038,-1.455
65400,-3.562,-8.923,-1.264
65450,-2.106,-9.613,-0.23
65500,-1.838,-9.46,-0.843
65550,-2.145,-9.077,-0.728
65600,-2.566,-8.923,-0.689
65650,-2.566,-9.536,-1.226
65700,-1.762,-9.153,-1.226
65750,-2.451,-8.655,-2.03
65800,-2.872,-9.038,-2.451
65850,-2.987,-9.038,-2.604
65900,-4.711,-9.996,-0.421
65950,-0.728,-9.613,-0.077
66000,2.796,-10.8,-0.613
66050,0.306,-10.494,-2.643
66100,1.111,-11.987,-1.992
66150,-0.077,-10.341,-2.106
66200,-1.455,-6.664,-2.489
66250,1.34,-5.936,-1.226
66300,1.455,-6.089,-0.881
66350,3.064,-8.081,-0.383
66400,-9.804,-18.996,-11.643
66450,0.804,-2.145,0.728
66500,-2.834,-12.332,-2.987
66550,-3.102,-7.736,-0.728
66600,0.421,-8.962,-1.723
66650,-3.562,-9.575,-0.268
66700,-3.677,-8.617,-0.881
66750,-3.753,-9.115,-1.953
66800,-2.374,-9,-1.532
66850,-3.179,-8.77,-1.034
66900,-2.987,-8.885,-1.838
66950,-2.298,-9.613,-2.03
67100,1.187,-8.541,-3.026
67150,-2.221,-10.417,-6.587
67200,-1.302,-10.341,-3.294
67250,-1.838,-8.387,-1.685
67300,-0.46,-7.43,-4.289
67350,-1.149,-6.549,-3.677
67400,-1.149,-5.821,-3.447
67450,-1.226,-6.013,-4.826
67500,0.23,-7.928,-3.14
67550,-7.736,-11.566,-6.013
67600,5.247,-3.102,-0.996
67650,-8.541,-14.132,3.409
67700,-3.026,-8.732,-2.949
67750,-4.213,-8.962,1.226
67800,-2.911,-9.689,-1.187
67850,-3.179,-9.421,-0.191
67900,-2.528,-9.536,-0.46
67950,-2.643,-8.655,-0.766
68000,-2.949,-8.502,-1.494
68050,-2.413,-8.923,-2.489
68100,-4.328,-8.119,-1.992
68150,-4.596,-13.787,-1.532
68200,-0.574,-10.494,0.191
68250,1.302,-8.234,-2.604
68300,-4.711,-8.885,-4.826
68350,-2.374,-9.843,-3.409
68400,-1.034,-8.464,-4.902
68450,2.221,-4.443,-2.604
68500,-1.8,-5.094,-3.37
68550,-0.498,-5.17,-1.647
68600,-1.915,-9.421,-1.915
68650,-2.106,-14.515,-8.043
68700,1.187,-3.064,-0.498
68750,-8.655,-12.179,4.098
68800,-0.153,-10.226,-7.123
68850,0.23,-8.885,-1.609
68900,0.919,-8.387,-2.03
68950,-4.711,-9.881,-1.647
69000,-1.149,-13.021,-4.328
69050,1.302,-9,-8.885
69100,-0.268,-6.281,-3.447
69150,-1.8,-5.936,-1.723
69200,0.957,-6.472,-3.523
69250,0.077,-6.128,-2.451
69300,-0.115,-8.579,-1.111
69350,-1.953,-18.421,-7.392
69400,-1.532,-4.443,-5.592
69450,-4.06,-7.047,-0.23
69500,-4.251,-10.762,0.919
69550,-1.532,-8.617,-1.111
69600,-2.528,-9.345,-0.919
69650,-3.792,-8.885,0.115
69700,-4.098,-8.923,-0.077
69750,-3.179,-9.383,-0.306
69800,-2.757,-8.885,-0.46
69850,-3.447,-9.383,-0.804
69900,-3.868,-8.579,-1.149
69950,-3.83,-8.426,-0.881
70000,-3.217,-8.847,-1.034
70050,-2.719,-8.464,-1.494
70100,-2.719,-8.923,-2.643
70150,-4.404,-8.617,-1.685
70200,-3.37,-12.907,-1.111
70250,0.421,-12.141,-3.064
70300,0.843,-9.077,-2.719
70350,-3.255,-8.081,-3.447
70400,-1.455,-8.387,-3.677
70450,-0.957,-8.464,-4.519
70500,0.613,-5.438,-3.753
70550,-0.498,-6.587,-3.983
70600,0.23,-5.821,-3.753
70650,0.613,-4.634,-4.826
70700,-3.409,-7.813,-4.404
70750,-1.57,-11.719,-1.685
70800,0.268,-3.753,5.936
70850,-3.83,-7.506,0.421
70900,-3.332,-10.187,-2.911
70950,-2.949,-9.038,0.651
71100,-3.064,-8.77,-0.536
71150,-3.715,-8.196,-1.072
71200,-3.14,-8.694,-2.374
71250,-3.677,-8.809,-3.294
71300,-4.557,-11.03,-3.562
71450,-6.358,-12.179,-2.145
71500,-3.294,-5.285,-2.566
71550,-2.068,-6.664,-2.413
71600,0.306,-5.362,-0.957
71650,-2.183,-3.332,0.766
71700,-5.63,-15.358,-2.489
71750,0.153,-5.477,-7.315
71800,-2.834,-7.085,7.315
71850,0.536,-9.038,-1.8
71900,-1.953,-9.383,-1.187
71950,-6.97,-7.238,-1.111
72000,-4.404,-10.034,-1.034
72050,0.46,-8.196,0.077
72100,0.153,-11.489,-2.221
72150,-4.826,-8.004,0.574
72200,0.498,-13.481,-6.702
72250,-0.153,-9.804,-2.987
72300,-1.877,-4.94,-4.94
72350,-2.528,-7.238,-6.664
72400,-2.757,-7.506,-3.026
72450,-1.187,-7.545,-5.017
72500,-2.26,-6.817,-4.749
72550,-2.451,-5.63,-4.902
72750,-3.868,-18.843,-4.519
72800,-2.451,-4.366,-5.515
72850,-2.528,-6.894,4.251
72900,-1.532,-10.877,-1.455
72950,-3.294,-8.158,-1.111
73000,-3.255,-9.575,0.345
73050,-3.026,-9.23,-0.957
73100,-2.987,-9.383,-0.574
73150,-3.064,-8.694,-0.996
73200,-3.485,-8.962,-0.613
73250,-3.562,-8.349,-1.57
73300,-3.792,-8.272,-1.111
73350,-3.217,-8.732,-1.877
73400,-4.289,-8.081,-3.753
73450,-3.906,-14.936,-1.685
73500,2.221,-10.149,-0.306
73550,-4.481,-8.923,-4.902
73600,-4.404,-9.345,-2.336
73700,-0.536,-4.787,-2.26
73850,-0.728,-8.426,-2.834
73900,-12.562,-18.766,-5.323
73950,-1.57,-4.979,2.681
74000,-0.957,-8.809,6.396
74050,-3.868,-10.685,-4.289
74100,-3.37,-9.919,2.719
74150,-3.6,-8.809,-3.868
74200,-2.451,-8.043,-4.136
74250,-3.83,-7.315,-1.8
74300,-5.553,-11.068,1.226
74450,-4.289,-4.519,-0.843
74600,-0.613,-6.166,-4.021
74650,-1.992,-7.966,-3.026
74700,-4.787,-18.345,-3.715
74750,-2.604,-6.358,-6.472
74800,-2.298,-7.583,1.877
74850,-1.494,-11.719,0.268
74900,-2.757,-8.923,-0.651
74950,-2.528,-9.766,0.536
75000,-2.413,-8.923,-0.46
75050,-3.945,-8.962,-1.034
75100,-4.672,-8.694,-1.187
75150,-3.102,-9.383,-0.689
75200,-1.149,-9.613,-1.57
75250,-2.374,-9.689,-1.264
75300,-2.911,-9.421,-0.306
75350,-3.868,-8.349,-0.728
75400,-4.175,-8.923,-0.689
75450,-3.562,-8.962,-0.957
75500,-3.37,-8.809,-1.187
75550,-4.098,-9,-0.689
75600,-3.37,-8.617,-1.149
75650,-3.217,-9.038,-0.843
75700,-3.064,-9.038,-0.651
75750,-3.37,-8.579,-0.574
75800,-3.255,-8.962,-0.843
75850,-3.6,-8.541,-0.498
75900,-3.409,-9,-1.187
75950,-3.026,-8.502,-2.145
76000,-3.447,-8.349,-3.179
76050,-5.17,-7.775,-2.643
76100,-4.711,-12.332,-0.383
76150,4.098,-12.868,-3.332
76200,-1.226,-11.298,-5.323
76250,-7.775,-7.085,-0.996
76300,0.383,-6.932,-3.562
76350,0.038,-5.936,-3.485
76400,0.843,-6.243,-2.374
76450,-0.23,-7.851,-3.217
76500,-0.766,-6.051,-4.136
76550,-2.911,-8.732,-3.868
76600,-3.562,-18.536,-3.217
76650,-0.421,-7.66,3.102
76700,-4.864,-6.664,-3.6
76750,-3.753,-9.536,0.651
76800,-2.949,-10.532,-3.102
76850,-4.902,-8.962,-1.609
76900,-4.481,-7.851,-1.302
76950,-3.792,-7.889,-2.604
77000,-2.374,-8.502,-2.834
77050,-3.447,-8.923,-3.792
77200,-1.609,-10.417,-4.94
77250,-1.187,-9.651,-6.472
77300,-5.783,-6.166,-2.528
77350,0.46,-6.166,-3.562
77400,-0.766,-5.438,-3.102
77450,-0.996,-4.519,-3.792
77500,-0.153,-4.94,-5.285
77550,-6.013,-10.838,-3.753
77600,-0.498,-9.689,-3.14
77650,-1.149,-1.455,2.03
77700,-3.945,-10.034,2.183
77750,-2.489,-9.115,-2.719
77800,-3.255,-8.809,-0.038
77850,-4.175,-9.153,-0.23
77900,-1.609,-9.46,-0.651
77950,-2.528,-8.923,-0.689
78000,-1.992,-7.545,-2.757
78050,-2.26,-7.966,-3.715
78100,-7.392,-11.604,-1.417
78150,0.383,-12.753,-2.183
78200,0.651,-12.026,-3.026
78250,-6.472,-9.115,-4.672
78300,-3.753,-6.434,-0.536
78350,2.528,-7.66,-3.332
78400,-1.264,-6.243,-4.557
78450,-0.038,-5.094,-3.37
78500,0.038,-4.787,-4.328
78550,-1.455,-5.209,-5.362
78600,-0.728,-7.277,-5.975
78650,-3.37,-17.694,-6.013
78700,-4.672,-7.162,-11.106
78750,1.723,-2.451,5.553
78800,-8.387,-9.536,-1.723
78850,-1.838,-9.689,-2.03
78900,-3.026,-9.575,-1.417
78950,-4.098,-8.655,-0.728
79000,-2.604,-8.502,0.038
79050,-2.987,-8.617,-0.23
79100,-3.409,-9.153,-1.723
79150,-3.983,-8.732,-2.298
79200,-3.868,-8.77,-2.681
79250,-4.136,-7.123,-2.068
79300,-3.715,-14.362,0.881
79350,5.362,-10.838,-2.068
79400,-0.957,-11.183,-0.613
79450,-4.519,-9.996,-2.757
79500,-1.034,-6.894,-2.604
79550,0.115,-5.017,-1.494
79600,-0.077,-5.745,-2.643
79650,-3.83,-6.472,-1.532
79700,-6.549,-11.451,-9.153
79750,-0.996,-12.715,1.609
79800,-3.792,-4.672,-2.757
79850,-5.4,-9.919,0.843
79900,-3.37,-9.421,-5.553
79950,-2.26,-9.077,1.838
80000,-1.953,-9.115,-2.566
80150,-4.06,-10.417,-9.536
80200,0.919,-3.179,-2.145
80250,-1.264,-7.123,-4.404
80300,1.532,-7.123,-4.749
80350,-0.574,-4.557,-3.523
80400,-4.289,-7.085,-3.6
80450,0.191,-9.46,-2.719
80500,-1.915,-18.421,-4.787
80550,-0.843,-6.358,-4.787
80600,-2.796,-6.128,3.562
80650,-3.6,-10.302,-1.723
80700,-3.37,-8.234,-0.23
80750,-3.332,-10.034,-0.728
80800,-4.06,-9.115,-1.226
80850,-3.6,-9.077,-0.536
80900,-3.294,-8.579,-1.111
80950,-3.83,-8.081,-1.072
81000,-3.523,-9.153,-2.26
81050,-3.6,-8.732,-1.685
81100,-3.37,-11.298,1.379
81150,-0.728,-11.26,-2.528
81200,-2.719,-9.421,-3.485
81250,-1.072,-9.23,-3.447
81300,-3.217,-7.392,-1.609
81350,-0.383,-6.74,-3.6
81400,0.421,-8.387,-3.753
81450,-0.306,-8.119,-3.064
81500,-0.345,-7.085,-3.179
81550,-1.226,-7.928,-2.566
81600,-0.613,-11.911,-1.992
81650,-3.523,-11.221,-2.949
81700,-4.366,-5.515,0.957
81750,-5.285,-9.421,0.115
81800,-2.298,-9.536,-3.562
81850,-3.217,-9.077,-1.953
81900,-4.787,-7.851,-0.651
81950,-3.638,-8.119,-1.877
82000,-3.562,-8.847,-1.953
82050,-3.064,-8.579,-1.915
82100,-3.83,-7.889,-2.221
82150,-3.332,-7.009,-1.8
82200,-2.068,-5.592,-1.953
82250,-3.179,-6.013,-2.566
82300,-3.026,-5.17,-3.179
82350,-5.668,-8.272,-1.455
82400,1.264,-18.46,-2.681
82450,0.191,-14.668,-4.94
82500,-2.221,-8.119,-4.021
82550,0.46,-8.234,-4.06
82600,0.766,-5.209,-2.643
82650,2.145,-4.557,-4.366
82700,-1.111,-7.506,-3.6
82750,7.698,-6.817,-3.945
82800,-0.996,-7.621,-7.009
82850,-1.57,-6.549,-4.443
82900,-0.957,-12.255,-1.762
82950,-1.379,-13.826,-4.557
83000,-1.417,-5.553,-1.762
83050,-5.094,-7.583,0
83100,-3.562,-7.43,-0.536
83150,-2.911,-10.417,-2.26
83200,-2.26,-10.187,-0.383
83250,-2.451,-8.081,-1.762
83300,-3.026,-9.306,-0.996
83350,-3.332,-8.732,-2.03
83400,-2.987,-9.306,-0.191
83450,-4.404,-9,-1.494
83500,-3.255,-9.421,-1.111
83550,-2.298,-8.77,-1.226
83600,-3.523,-8.655,-1.838
83650,-3.868,-8.617,-2.451
83700,-3.906,-8.694,-2.757
83750,-3.677,-7.928,-3.638
83800,-5.63,-7.315,-1.57
83850,-4.213,-12.294,0.421
83900,0.077,-12.485,-6.166
83950,-4.213,-9.153,-4.787
84000,-3.064,-7.2,-4.213
84050,0.038,-5.515,-4.175
84100,1.034,-5.477,-3.945
84150,-0.766,-5.936,-3.983
84200,-1.187,-4.672,-4.672
84250,-1.417,-6.549,-4.826
84300,-1.609,-6.396,-3.906
84350,-2.03,-6.204,-2.221
84400,0.23,-9.498,-5.821
84450,2.604,-7.928,-5.975
84500,0.728,-14.324,-1.762
84550,-15.396,-8.158,-6.702
84600,-4.94,-1.417,4.328
84650,-0.268,-14.668,-5.592
84700,-3.638,-7.238,-0.23
84750,-6.932,-8.272,-1.034
84800,-3.983,-8.004,-2.03
84850,-3.6,-9,-3.523
84900,-4.596,-8.043,-3.064
84950,-6.779,-9.077,-0.191
85000,-1.417,-14.017,0.651
85050,-0.804,-10.034,-9.153
85100,-4.136,-11.03,0.383
85150,-3.6,-6.855,-2.413
85200,-2.719,-3.868,-0.46
85250,-2.145,-6.894,1.953
85300,0.996,-17.885,-4.481
85350,-2.949,-7.545,-0.153
85400,-9.306,-5.477,-0.421
85450,-2.796,-9.536,-4.289
85500,-2.068,-8.464,0.383
85550,-4.404,-9,-2.183
85600,-3.868,-7.238,-3.523
85650,-2.528,-8.272,-2.834
85700,-3.6,-7.545,-1.877
85750,-6.74,-12.217,-2.145
85800,1.953,-11.796,-3.6
85850,1.953,-11.643,-3.715
85900,-4.902,-7.966,-3.179
85950,1.034,-7.277,-1.877
86000,-0.383,-7.583,-3.255
86050,-0.46,-6.358,-3.14
86100,-0.689,-4.864,-2.757
86150,-0.804,-3.102,-3.868
86200,-2.796,-5.132,-3.792
86250,-3.523,-6.817,-5.975
86300,-0.153,-9.192,-1.992
86350,-6.319,-17.617,-2.834
86400,-9.613,-11.106,-4.136
86450,-4.404,-6.166,5.285
86500,-1.111,-11.336,-1.226
86550,-1.685,-7.392,-1.532
86600,-6.932,-7.277,-2.183
86650,-5.4,-7.047,-1.685
86700,-3.294,-10.264,-3.217
86750,-3.83,-9.038,-2.413
86800,-3.715,-7.889,-2.03
86850,-8.158,-9.728,-0.306
86900,-2.26,-11.221,-2.451
86950,-1.187,-10.187,-4.366
87000,-1.609,-11.489,-4.557
87050,-3.485,-7.851,-2.374
87100,-1.379,-6.779,-4.098
87150,0.345,-4.826,-3.906
87200,-0.383,-4.289,-2.872
87250,-1.455,-3.6,-3.37
87300,-1.609,-3.792,-3.217
87350,-3.102,-7.583,-4.634
87400,-1.57,-10.532,-3.179
87450,-1.379,-6.243,-4.328
87500,0.191,-13.634,-1.723
87550,-14.707,-19.341,-1.685
87600,-4.596,-10.762,-1.532
87650,-1.455,-9.958,3.638
87700,1.8,-10.149,-1.149
87750,-4.979,-5.821,1.647
87800,-5.783,-6.894,-3.14
87850,-2.298,-7.889,-0.996
87900,-3.6,-9.23,-0.728
87950,-5.438,-12.562,0.345
88000,-2.719,-7.928,-5.553
88050,0.268,-8.617,-6.051
88100,-2.681,-4.94,-1.57
88150,-2.757,-7.2,-2.528
88200,-2.336,-8.387,-4.06
88250,-1.915,-11.987,-1.187
88300,-1.647,-9.728,-1.302
88350,-1.915,-7.238,-14.438
88400,-3.332,-10.111,-2.26
88450,-4.443,-7.123,2.03
88500,-0.881,-9.996,-1.149
88550,-2.26,-9.46,0.881
88600,-3.83,-7.775,-2.872
88650,-4.213,-8.272,-4.749
88700,-1.877,-8.923,-2.26
88750,-0.613,-9.613,-3.026
88800,-1.609,-9.498,-2.413
88850,-3.677,-9.192,-0.957
88900,-3.83,-8.885,-0.498
88950,-4.672,-8.694,-0.651
89000,-4.328,-8.426,-1.455
89050,-4.289,-8.387,-2.106
89100,-3.485,-8.541,-2.719
89150,-2.987,-9.23,-2.911
89200,-2.528,-10.992,-1.647
89250,-2.757,-13.443,-0.804
89300,1.187,-11.604,-8.349
89350,-4.098,-10.072,-0.306
89400,-1.494,-8.004,-6.779
89450,-0.843,-4.481,-3.83
89500,2.604,-5.209,-4.136
89550,2.221,-5.706,-4.175
89600,2.834,-5.477,-3.983
89650,2.604,-5.898,-4.749
89700,3.064,-7.2,-4.557
89750,1.723,-13.826,-9.536
89800,1.953,-6.396,-5.553
89850,1.149,-7.047,-4.826
89900,-1.762,-12.638,-3.792
89950,-2.834,-7.966,-2.681
90000,-1.8,-6.396,-0.23
90050,-1.8,-10.034,-1.877
90100,-3.753,-7.315,-8.349
90150,-6.089,-9.038,-1.379
90200,-0.077,-8.847,-2.757
90250,-0.383,-10.915,-3.37
90300,-1.57,-9.192,-2.336
90350,-2.834,-7.889,-3.485
90400,-3.102,-6.97,-2.987
90450,-2.221,-7.851,-4.596
90500,-2.604,-9.192,-2.183
90550,-3.715,-10.417,-0.689
90600,0.498,-14.362,-3.026
90650,1.877,-12.868,-1.762
90700,1.187,-11.719,-2.681
90750,-4.213,-7.66,-1.072
90800,3.677,-8.081,-4.826
90850,2.145,-7.315,-3.945
90900,1.264,-4.826,-4.557
90950,2.757,-3.906,-5.592
91000,2.719,-3.37,-5.86
91050,2.451,-3.064,-5.553
91100,-3.868,-16.851,-11.987
91150,5.247,-5.094,-5.706
91200,-4.519,-8.387,1.034
91250,-2.757,-13.519,-5.094
91300,2.719,-6.434,-4.251
91350,-1.8,-9.115,-2.26
91400,-1.953,-8.158,-3.792
91450,-2.719,-8.234,-3.447
91500,-1.494,-7.583,-2.374
91550,-1.455,-8.004,-2.145
91600,-2.03,-8.119,-2.413
91650,-1.111,-8.234,-4.557
91700,-4.902,-13.941,-0.306
91750,2.834,-13.749,-4.711
91800,-1.992,-14.285,-4.826
91850,-2.336,-6.204,-0.345
91900,1.685,-6.281,-2.413
91950,1.455,-8.809,-6.626
92000,3.064,-7.162,-4.175
92050,3.945,-7.66,-4.557
92100,4.711,-4.979,-4.902
92150,3.792,-4.596,-4.213
92200,4.481,-4.557,-3.217
92250,4.864,-4.902,-3.983
92300,2.413,-14.515,-8.579
92350,2.221,-8.923,-6.587
92400,3.255,-2.413,-4.06
92450,-3.523,-11.489,-1.647
92500,-1.226,-11.183,-3.868
92550,-0.766,-5.783,-3.562
92600,-3.217,-8.311,-2.719
92650,-2.068,-8.923,-3.485
92700,-2.298,-7.851,-3.715
92750,-3.562,-8.77,-3.332
92800,-2.528,-9.23,-2.872
92850,-2.528,-7.736,-1.723
92900,-2.106,-8.426,-1.992
92950,-1.455,-8.541,-2.681
93000,-7.238,-12.868,0.038
93050,-5.63,-11.336,3.983
93100,4.366,-7.583,-0.23
93150,-2.757,-8.426,-2.643
93250,1.226,-10.532,-0.268
93300,-1.57,-9.958,-4.213
93350,-4.136,-12.83,-7.813
93400,-8.426,-9.192,-3.983
93450,0,-5.936,-1.953
93500,2.336,-9.115,-5.362
93550,-1.57,-6.396,-6.281
93600,1.111,-1.455,-4.634
93650,4.749,-3.064,-5.362
93700,3.715,-1.953,-5.86
93750,1.455,-6.855,-10.417
93800,-1.226,-10.992,-2.834
93850,3.562,-7.889,-4.634
93900,-5.132,-14.362,-4.634
93950,-0.881,-7.43,-4.366
94000,-1.455,-7.851,-3.332
94050,0.345,-8.617,-3.6
94100,-1.532,-7.775,-3.102
94150,-1.992,-7.621,-3.945
94200,-1.532,-8.426,-2.643
94250,-1.034,-8.234,-2.643
94300,-2.604,-8.617,-2.068
94350,-4.175,-7.928,-2.413
94400,-2.719,-8.809,-1.8
94450,-3.715,-9.038,-0.421
94500,0.345,-14.821,0.306
94550,1.647,-12.026,-2.489
94600,3.447,-10.685,-1.877
94650,-1.57,-7.66,-1.992
94700,-0.498,-6.549,-0.498
94750,-0.038,-6.013,-1.8
94800,-0.23,-6.587,-1.8
94850,0.038,-10.417,-3.792
95000,-3.485,-9,-3.868
95050,3.217,-6.626,-2.451
95100,0.23,-7.162,-3.906
95150,2.106,-5.132,-3.102
95200,1.838,-5.553,-4.175
95250,3.6,-6.013,-3.753
95300,0.421,-17.004,-6.396
95450,-7.392,-9.804,0.613
95500,0.23,-8.962,0.46
95550,-2.489,-9.919,-1.072
95600,-3.945,-8.234,-0.23
95650,-2.834,-9.536,-1.302
95700,-1.992,-9,0.038
95750,-1.187,-8.732,-1.57
95800,-1.494,-9.613,-1.302
95850,-2.298,-9.421,-1.149
95900,-2.757,-8.464,-2.413
95950,-1.877,-8.234,-2.872
96000,-7.583,-11.796,-0.23
96050,0.23,-10.609,-0.077
96100,1.302,-8.694,-0.153
96150,-0.881,-10.264,-2.221
96200,-1.264,-13.213,1.149
96250,3.447,-12.907,-2.872
96300,-3.064,-12.6,-8.387
96350,-3.983,-9.421,-0.957
96400,-0.153,-3.217,-2.451
96450,3.983,-4.481,-0.766
96500,4.634,-6.932,-1.8
96550,1.187,-5.745,-2.183
96600,3.179,-5.209,-4.634
96650,2.681,-7.162,-1.723
96700,-8.923,-18.536,-1.149
96750,-0.077,0.038,-9
96800,-10.992,-13.902,1.072
96850,-0.268,-9.038,-2.106
96900,3.294,-8.234,-3.83
96950,-3.715,-8.464,-1.302
97100,-1.8,-9.383,-1.264
97150,-1.455,-8.885,-0.804
97200,-2.106,-8.923,-0.306
97250,-2.489,-8.655,-0.957
97300,-1.187,-9,-1.417
97350,-0.996,-9.115,-2.911
97400,-3.026,-8.809,-1.685
97450,-2.566,-13.481,-0.306
97500,3.792,-11.987,-0.038
97550,0.957,-11.221,-0.536
97600,-2.566,-10.072,1.264
97650,0.46,-9.077,-1.187
97700,2.374,-7.698,-2.834
97750,2.145,-8.579,-2.068
97800,2.183,-8.655,-3.026
97850,1.226,-8.732,-3.255
97900,1.455,-8.349,-3.562
97950,2.03,-7.928,-3.868
98000,2.413,-7.813,-3.064
98050,1.992,-7.813,-3.217
98100,1.992,-7.736,-4.021
98150,1.111,-6.817,-3.562
98200,-0.536,-11.375,1.072
98250,3.026,-10.034,-4.021
98300,-2.221,-5.055,1.532
98350,-4.634,-10.8,-2.528
98400,-1.264,-10.762,-1.609
98450,-3.83,-8.502,-2.872
98500,-5.17,-8.655,-1.149
98550,-1.877,-10.034,-2.106
98600,-0.881,-9.689,-0.689
98650,-2.183,-8.847,-1.034
98700,-2.221,-9.345,-1.226
98750,-0.498,-9.153,-3.255
98800,-2.336,-9.038,-3.14
98850,-1.992,-8.694,-2.566
98900,-1.226,-9.23,-3.447
98950,-3.523,-10.264,-1.072
99000,-2.643,-9.575,-1.111
99050,4.366,-10.072,-0.919
99100,2.068,-12.753,-2.489
99150,-1.072,-9.958,-1.455
99200,0.306,-9.383,-3.447
99250,2.566,-9.038,-3.6
99300,1.302,-10.494,-4.021
99350,2.106,-7.238,-3.983
99400,2.298,-6.434,-4.366
99450,2.221,-6.626,-3.179
99500,2.604,-5.821,-3.715
99550,2.374,-5.247,-3.715
99600,2.528,-6.74,-4.175
99650,4.06,-10.647,-0.766
99700,0.996,-15.166,-7.468
99750,0.23,-4.213,-3.638
99800,-5.745,-7.698,2.911
99850,-4.826,-9.575,-2.528
99900,-0.766,-10.724,-0.919
99950,-1.609,-10.302,-0.651
100000,-1.685,-9.268,0.345
100050,-2.604,-9.268,-1.264
100100,-2.26,-8.732,-1.264
100150,-0.843,-8.809,-2.489
100200,-1.417,-9.153,-3.217
100250,-3.485,-10.034,-3.485
100300,-2.719,-13.366,-1.111
100350,4.557,-8.885,-0.038
100400,0.038,-13.711,-3.064
100450,-0.306,-10.379,-2.719
100500,-1.8,-9.421,-5.247
100550,1.226,-5.975,-2.681
100600,3.14,-4.251,-2.03
100650,0.881,-4.021,-1.57
100700,1.953,-4.787,-3.983
100750,2.834,-8.579,-3.37
100800,-1.302,-17.924,-9
100850,2.528,-8.004,-7.047
100900,-2.183,-1.838,5.477
100950,-7.162,-15.128,-1.877
101000,1.762,-9.766,-1.494
101050,0.077,-10.302,0.038
101100,1.494,-8.196,-1.072
101150,-0.46,-9.038,-3.447
101200,-4.519,-9.689,-1.915
101250,-1.647,-12.255,-0.766
101300,5.285,-13.404,-1.494
101350,-0.843,-8.732,-1.149
101400,-1.723,-6.549,-1.455
101450,7.506,-6.74,-3.14
101500,-0.651,-8.349,-4.481
101550,-2.03,-7.315,-3.638
101600,1.226,-7.698,-1.264
101650,4.443,-9.575,-7.506
101700,3.332,-8.732,-4.979
101750,0.038,-6.281,-2.757
101800,2.068,-5.209,-2.26
101850,2.604,-6.166,-2.834
101900,2.374,-6.932,-2.566
101950,4.481,-16.124,0.766
102000,0.957,-7.583,-10.264
102050,-3.523,-1.685,4.787
102100,-5.017,-11.106,0.383
102150,1.494,-10.724,-0.728
102200,-0.115,-10.953,1.226
102250,-3.868,-8.809,-2.26
102300,-2.987,-9.115,-1.302
102350,-2.03,-9.498,-0.613
102400,-1.838,-8.77,-1.494
102450,-2.03,-9.766,-0.728
102500,-1.762,-9.345,-0.421
102550,-1.379,-9.536,-1.034
102600,-0.23,-9.23,-2.03
102650,-2.796,-10.494,-1.379
102700,-1.723,-14.209,-1.877
102750,2.26,-9.153,0.766
102800,1.226,-8.158,-1.34
102850,-0.383,-11.183,-3.562
102900,-0.306,-12.6,-2.757
102950,-0.728,-9.421,-3.332
103000,1.494,-7.2,-2.757
103050,1.532,-4.634,-1.838
103100,0.574,-4.557,-2.489
103150,1.226,-4.098,-3.868
103200,2.145,-6.817,-4.826
103250,0.23,-17.043,-4.136
103300,2.566,-10.149,-9.613
103350,-1.072,-2.183,6.702
103400,-3.179,-9.996,-3.677
103450,-1.111,-9.498,1.264
103500,0.421,-10.187,-1.187
103550,-1.302,-9.958,-1.264
103600,-1.34,-9.651,-0.23
103650,-2.03,-8.847,-0.536
103700,-1.685,-8.617,-1.417
103750,-0.383,-8.923,-2.796
103800,-1.187,-9.804,-3.064
103850,-5.323,-14.438,-0.038
103900,-1.494,-11.987,1.455
103950,5.86,-8.809,-1.187
104000,-1.762,-10.341,-3.102
104050,-2.911,-8.655,-1.685
104100,1.111,-7.698,-2.183
104150,2.413,-5.362,-3.677
104200,2.145,-5.438,-2.221
104250,2.03,-6.74,-2.681
104300,0.881,-18.115,-4.749
104350,-1.838,2.26,5.362
104400,-6.894,-15.932,0.306
104450,5.323,-10.647,-4.098
104500,0.383,-8.043,1.226
104550,-4.289,-7.928,-0.038
104600,-2.604,-10.877,-0.345
104650,-2.068,-11.26,-1.302
104700,-1.111,-8.923,0.383
104750,-1.455,-9.268,-1.149
104800,-2.566,-9.268,-1.915
104850,-2.604,-8.962,-3.37
104900,-1.455,-9.192,-2.796
104950,-2.336,-10.877,-1.532
105000,-0.115,-10.877,0.115
105050,4.443,-9.038,0.536
105100,1.877,-9.46,-1.953
105150,-0.345,-9.958,-1.915
105200,0.843,-9.919,-2.413
105250,2.566,-9.115,-3.14
105300,1.264,-9.536,-2.489
105350,0.804,-8.732,-3.753
105400,1.762,-8.655,-5.055
105450,2.03,-9.038,-3.447
105500,2.681,-8.349,-4.519
105550,2.719,-7.66,-3.485
105600,3.14,-7.123,-3.485
105650,2.681,-6.626,-3.102
105700,2.757,-6.281,-3.14
105750,2.911,-6.089,-2.681
105800,2.336,-7.468,-2.872
105850,1.455,-17.464,-3.945
105900,2.949,-7.43,-8.158
105950,-3.217,-5.362,3.447
106000,-7.085,-10.532,0.536
106050,0.804,-10.992,-0.996
106100,0.268,-11.183,-1.111
106150,-1.072,-9.345,0.46
106200,-3.332,-9,-0.651
106250,-4.213,-8.234,-0.46
106300,-2.489,-8.655,-0.843
106350,-0.689,-9.46,0.153
106400,-3.523,-11.681,-0.766
106450,-1.953,-8.502,-1.149
106500,-1.8,-8.809,-1.494
106550,-2.413,-9.192,0
106600,-2.336,-9.153,-0.957
106650,-2.183,-9.115,-1.647
106700,-1.532,-9.383,-2.566
106750,-2.604,-9.843,-1.455
106800,-2.834,-11.949,-1.072
106850,2.604,-12.332,-1.034
106900,1.8,-9.153,1.417
106950,1.609,-8.847,-0.689
107000,0.651,-9.804,-3.677
107050,2.298,-7.43,-3.332
107100,0.651,-7.621,-3.255
107150,1.455,-6.702,-2.796
107200,1.264,-6.358,-3.638
107250,0.689,-11.834,-1.57
107300,2.106,-15.702,-13.366
107350,-0.957,-5.094,1.302
107400,1.877,-5.821,-3.6
107450,2.872,-2.872,-3.026
107500,2.221,-3.868,-3.179
107550,9.498,-15.702,0.383
107600,-2.681,-5.592,-13.175
107650,-4.864,-6.932,9.613
107700,-2.374,-10.532,-5.209
107750,0.345,-8.311,-0.306
107800,-3.14,-11.451,0.306
107850,0.153,-10.034,-1.455
107900,0.115,-8.732,-0.077
107950,-2.068,-9.881,-0.038
108000,-2.183,-8.77,0.038
108050,-1.723,-9.919,0.115
108100,0,-10.187,-1.264
108150,-2.068,-9.115,-0.306
108200,-1.953,-8.962,-0.996
108250,-1.685,-9.038,-1.8
108300,-0.23,-9.498,-2.106
108350,-3.447,-10.8,-0.919
108400,0.421,-11.221,-1.187
108450,4.328,-8.77,-2.145
108500,7.009,-12.332,-1.034
108550,-3.945,-12.907,-2.604
108600,-2.757,-8.081,-2.872
108650,3.026,-7.621,-3.217
108700,3.753,-5.017,-1.302
108750,0.651,-4.711,-1.838
108800,1.992,-5.706,-3.983
108850,0.115,-7.928,-5.515
108900,-3.792,-18.996,-5.706
108950,3.102,-0.46,-1.609
109000,-1.723,-7.813,-1.8
109050,-9.958,-8.119,4.251
109100,0.46,-11.719,-4.021
109150,-0.46,-10.149,0.613
109200,-0.651,-11.489,-0.996
109250,-1.34,-9.536,-1.838
109300,-0.153,-9.843,-3.485
109350,-0.536,-8.426,-2.26
109400,-1.379,-9.536,-2.528
109450,3.792,-13.175,-1.685
109500,5.017,-13.136,-3.294
109550,1.034,-11.489,-3.868
109600,-1.915,-8.77,-1.915
109650,2.681,-4.557,-1.609
109700,3.14,-5.055,-2.489
109750,3.6,-3.447,-1.877
109900,2.145,-1.302,-3.638
109950,-6.855,-3.638,3.447
110000,-1.417,-11.183,0.115
110050,6.243,-7.2,0.804
110100,-3.677,-9.498,-1.149
110150,-2.643,-8.694,-0.804
110200,-1.264,-10.341,-0.843
110250,0.919,-9.115,-2.566
110300,-2.336,-8.655,-4.826
110350,-5.132,-6.511,-1.494
110400,5.975,-12.753,-0.268
110450,-3.14,-15.741,-3.523
110500,-2.374,-10.609,-2.451
110550,0.804,-8.502,-1.494
110600,2.566,-6.358,-1.187
110650,1.762,-6.549,-2.03
110700,1.685,-4.557,-1.838
110750,1.111,-3.715,-4.289
110800,1.992,-5.438,-5.17
110850,4.098,-13.366,-3.026
110900,0.153,-11.834,-3.485
110950,-2.528,-2.413,-2.604
111000,-8.043,-15.434,3.179
111050,1.609,-9.689,0.728
111100,4.711,-9.306,-4.328
111150,-1.915,-10.264,-0.077
111200,-1.723,-8.119,-2.566
111250,-2.604,-9.23,-0.804
111300,0.306,-8.502,-2.221
111350,0.077,-9.038,-3.179
111400,-0.536,-9.192,-1.723
111450,-1.494,-10.8,0.153
111500,-2.757,-11.681,0.651
111550,5.132,-9.996,-3.868
111600,-0.191,-10.302,0.153
111650,-3.447,-9.23,-2.489
111700,-0.23,-8.272,-1.379
111750,4.519,-9.383,-1.532
111800,3.562,-8.655,-2.719
111850,-2.451,-11.068,-5.132
111900,-2.528,-9.306,-3.14
111950,0.038,-7.353,-3.792
112000,-0.728,-3.485,-0.038
112050,-5.094,-10.685,1.992
112100,-6.779,-11.489,4.404
112150,-0.077,-7.545,-1.264
112200,-1.57,-8.617,-1.034
112250,-2.298,-8.732,-1.494
112300,0.038,-9.153,-1.379
112350,-1.609,-9.383,-1.494
112400,-0.881,-9.613,-2.374
112450,-1.455,-9.153,-1.723
112500,-2.528,-10.877,0.881
112550,3.485,-10.187,-0.306
112600,3.638,-11.758,-1.953
112650,0.383,-10.417,-2.757
112700,1.417,-11.336,-1.417
112750,3.485,-9,-3.179
112800,3.102,-8.311,-2.03
112850,2.298,-6.894,-2.298
112900,1.838,-5.438,-4.519
112950,1.8,-5.975,-2.643
113000,2.145,-7.2,-4.596
113050,2.987,-11.451,-2.987
113100,3.677,-15.243,-5.017
113150,3.6,-1.302,2.106
113200,-1.072,-11.796,-3.523
113250,-2.451,-9.421,-1.264
113300,0.574,-8.732,-1.953
113350,-1.647,-8.962,0.268
113400,-1.034,-9.689,-2.489
113450,-2.298,-9.077,-2.183
113500,-1.953,-8.732,-1.264
113550,-0.383,-8.272,-1.034
113600,0.574,-7.736,-2.834
113650,0.345,-8.119,-4.404
113700,-0.536,-6.128,-3.945
113750,2.068,-7.123,-1.532
113800,2.643,-9.306,-2.336
113850,-5.094,-18.345,-5.438
113900,3.677,-12.83,-6.932
113950,0.804,-6.702,-1.111
114000,-2.221,-0.957,-0.957
114050,1.494,-2.336,-0.268
114100,3.868,-7.238,0.536
114150,-0.153,-18.958,-13.749
114200,2.643,-0.728,3.447
114250,-5.936,-15.281,-1.111
114300,0.766,-8.196,-2.949
114350,-0.345,-9.153,-3.294
114400,-1.264,-9.958,-1.379
114450,-1.992,-8.579,-1.877
114500,-3.37,-9.23,-0.804
114550,-1.149,-9.077,-1.072
114600,-0.191,-8.464,-1.685
114650,-2.566,-10.685,-1.264
114700,-1.111,-13.787,-0.766
114750,3.332,-9.115,-1.111
114800,3.217,-8.502,-1.838
114850,1.494,-10.111,-4.136
114900,0.919,-9.306,-2.374
114950,3.14,-8.77,-2.528
115000,1.992,-6.97,-2.183
115050,0.804,-7.545,-2.145
115100,1.762,-8.196,-3.026
115150,1.034,-9.421,-3.715
115200,1.302,-10.417,-5.285
115250,0.421,-9.651,-4.864
115300,0.574,-8.043,-3.638
115350,1.34,-7.468,-3.562
115400,1.149,-7.621,-3.485
115450,1.723,-7.392,-3.409
115500,1.953,-6.549,-2.719
115550,1.609,-6.817,-2.26
115600,1.532,-6.396,-1.8
115650,2.834,-6.089,-3.983
115700,3.677,-5.515,-2.336
115750,5.553,-14.975,-3.14
115800,-6.817,-6.281,-5.592
115850,-2.106,-6.089,-0.766
115900,2.834,-15.97,-5.017
115950,-1.034,-7.277,-1.57
116000,-2.528,-7.506,-3.447
116050,-3.37,-7.43,-1.264
116100,2.489,-7.468,-3.983
116150,-4.711,-12.792,-1.838
116200,-5.362,-10.992,2.413
